tweet_count,created_at,text,polarity,subjectivity
1,Sat Apr 25 14:50:07 +0000 2020,RT @Sow6De: #CONCOURS #FORTNITE💰🎁Tente de gagner le skin #TravisScott de la boutique #Fortnite ! 🤩🎁Pour participer il faut : -#RT ce t…,0.0,0.0
2,Sat Apr 25 14:50:11 +0000 2020,TRAVIS SCOTT CONCERT!!! JOIN 11AM  FORTNITE SPECIAL #travisSCOTT #CONCERT #STREAMING #TWITCH #STREAMER #PARTNER https://t.co/RF1zoeSOIc,0.35714285714285715,0.5714285714285714
3,Sat Apr 25 14:50:12 +0000 2020,RT @ohRampz: I'll give 13.5k V-Bucks(applied) to someone that retweets this Tweet within the next 24hMust be following @SiovoSells+@Surfe…,0.0,0.05
4,Sat Apr 25 14:50:13 +0000 2020,RT @55Ringoame0v0: デッドプールとドラガコーンつくった！マーベルコラボのスプレーで出てくるコーンを乗りこなせ！ですベルト忘れてて後からつくった😂↓動画https://t.co/1Wb9TxcOLf@FortniteGame @FortniteJ…,0.0,0.0
5,Sat Apr 25 14:50:14 +0000 2020,RT @Vam0sss_: Clips of the day!! LONG RANGEEEEE!?!?Follow me for more at https://t.co/hIKqLE6XLJ#streamer #smallstreamer #Grinding #fortn…,0.225,0.45
6,Sat Apr 25 14:50:15 +0000 2020,RT @DELTAGG058: こんばんわ❗️本日のCRCUP出場者さんお疲れ様でした😁そして、6000人フォロワー突破致しました😁リプに応援メッセージお願い致しますリプの中から1名様に6000円アマギフをプレゼントさせていただきます😆ではお待ちしております🤲#…,0.0,0.0
7,Sat Apr 25 14:50:15 +0000 2020,Streaming the Travis Scott concert starting in 15mins 😄 so excited for my first live event 🎉 #Fortnitetravisscott… https://t.co/rCYDXLIO4D,0.1903409090909091,0.42083333333333334
8,Sat Apr 25 14:50:16 +0000 2020,Alors ce morceau de #TravisScott &amp; #KidCudi ? Grosse claque ! 🔥🔥⬇️tease de #Fortnite⬇️     #THESCOTTS https://t.co/Uip2Hkzq6K,0.0,0.0
9,Sat Apr 25 14:50:17 +0000 2020,RT @JuicyJustin1731: Saturday-Mood-Giveaway 🌇1 SHOP ITEM OF UR CHOICE 🔥To qualify: 1. • Like &amp; RT 💭2. • Follow @JuicyJustin1731 &amp; @U…,0.0,0.0
10,Sat Apr 25 14:50:22 +0000 2020,RT @fn_dimlight__: はいかわいい描く〜ってなってかいた#Fortnite #FortniteArt https://t.co/BzbQQZvmOh,0.0,0.0
11,Sat Apr 25 14:50:22 +0000 2020,■【フォートナイト正規垢買取】■69▪︎飽きてしまった方や、辞める方など使わない正規垢がありましたら買取させていただきます。【検索用】#フォートナイト#Fortnite#フォートナイトギフト#フォートナイト女子… https://t.co/OP4ZHiM9OT,0.0,0.0
12,Sat Apr 25 14:50:31 +0000 2020,RT @Egypt_Kaori: 負けたら棺桶逝きのタイマン場【島コード 4101-0084-7706】#FortniteChapter2 #Fortnite #フォートナイト https://t.co/mjekWfSTGm,0.0,0.0
13,Sat Apr 25 14:50:32 +0000 2020,L'un des plus beaux 😘 RT stp Merci #Fortnite https://t.co/uz0btBnCLw,0.0,0.0
14,Sat Apr 25 14:50:33 +0000 2020,RT @ItzP3NGUIN: We are giving out over....£300 Worth of giveaway items tomorrow£100 Cash in the tournamentSTREAM STARTS AT 6PMhttps:…,0.3,0.1
15,Sat Apr 25 14:50:33 +0000 2020,"Good ol' shopping cart impulse, leaving Den behind #FortniteShoppingCartPlay #Fortnite2018 #Season4 #Fortnite… https://t.co/607Hz7Ckhf",0.14999999999999997,0.65
16,Sat Apr 25 14:50:37 +0000 2020,RT @firesportsgg: Ya están listos todos los participantes de la #ShooterChallenge para el torneo de #Fortnite de esta tarde. 🏀🔫 ¡Esto se po…,0.0,0.0
17,Sat Apr 25 14:50:39 +0000 2020,RT @Sow6De: #CONCOURS #FORTNITE💰🎁Tente de gagner le skin #TravisScott de la boutique #Fortnite ! 🤩🎁Pour participer il faut : -#RT ce t…,0.0,0.0
18,Sat Apr 25 14:50:41 +0000 2020,RT @_LeSny_: L'un des plus beaux 😘 RT stp Merci #Fortnite https://t.co/uz0btBnCLw,0.0,0.0
19,Sat Apr 25 14:50:44 +0000 2020,En espérant que le concert ne bug pas cette fois ci #Fortnite #Fortnitetravisscott,0.0,0.0
20,Sat Apr 25 14:50:51 +0000 2020,RT @AyuO419: あまりに良かったからワンタイムイベントもう一回見るぞ〜💕💕💕って、みんなで集合したら人数多すぎってエラー出た🤣半分ずつになってスタンバイ🌈#FORTNITE #ワンタイムイベント https://t.co/5jpyqCT1KS,0.0,0.0
21,Sat Apr 25 14:50:51 +0000 2020,RT @FortniteGameFR: Les rumeurs disent que l'ancienne map de #Fortnite va bientôt faire son grand retour (car on l’apercevrait dans le skin…,0.5,1.0
22,Sat Apr 25 14:50:56 +0000 2020,En directo en el evento Astronomical de #Fortnite 🍑 https://t.co/LUFDwhoQkE,0.0,0.0
23,Sat Apr 25 14:50:58 +0000 2020,حدث فورت نايت × حدث ترافيس سكوت |🔥. #fortnite #PS4 https://t.co/2acpSRB2A7,0.0,0.0
24,Sat Apr 25 14:50:59 +0000 2020,@Abdfighter24 @gladosasec,0.0,0.0
25,Sat Apr 25 14:51:00 +0000 2020,Eu não tô baixando o #Fortnite pra assistir o show do travis scott hoje a noite não né,0.0,0.0
26,Sat Apr 25 14:51:01 +0000 2020,"Right now I am waiting the Astronomical show and I start building a platform, some randoms helped me and then....so… https://t.co/e4wbDupkGh",0.2857142857142857,0.5357142857142857
27,Sat Apr 25 14:51:01 +0000 2020,RT @stavridisnicol1: J'espère les tournois console arrivent vite ;)Rt x fav x abonnes toi je ferai de même#fortnite #ps4share #console ht…,0.25,1.0
28,Sat Apr 25 14:51:03 +0000 2020,To te style skórek będzie można zdobyć w ramach dogrywki 12 sezonu w #Fortnite?https://t.co/qWbpS5Gi5A,0.0,0.0
29,Sat Apr 25 14:51:03 +0000 2020,RT @CASERFIRE: The 4th event Starts in 10 Minutes | #Fortnite https://t.co/O7aCQqEeeM,0.0,0.0
30,Sat Apr 25 14:51:03 +0000 2020,To te style skórek będzie można zdobyć w ramach dogrywki 12 sezonu w Fortnite?#Fortnite #FortnitePolskahttps://t.co/dZ6a146Fn7,0.0,0.0
31,Sat Apr 25 14:51:03 +0000 2020,RT @EriasMieay: ゲーミングPCプレゼント企画🎁参加方法@EriasMieay @LexiaNoel をフォローこのツイートをRT本気でPC移行したい方のみ以上です締め切りは5月6日です！#フォートナイト#Fortnite#Apex#R6S…,0.0,0.0
32,Sat Apr 25 14:51:04 +0000 2020,RT @XxDaZeStonerxX: Morning to all my #Mixer Family hope you have a wonderful #Stream #Saturday!! https://t.co/NNqTaONSug#WatchMixer #m…,1.0,1.0
33,Sat Apr 25 14:51:04 +0000 2020,RT @JustinSayne_: Trolling #PS4 #Streamer #Saturday #ControllerPlayer #Fortnite #Twitch #SupportSmallStreamers #SmallStreamersConnect https…,0.0,0.0
34,Sat Apr 25 14:51:06 +0000 2020,RT @Egypt_Kaori: 負けたら棺桶逝きのタイマン場【島コード 4101-0084-7706】#FortniteChapter2 #Fortnite #フォートナイト https://t.co/mjekWfSTGm,0.0,0.0
35,Sat Apr 25 14:51:08 +0000 2020,RT @HYPEBEAST: #travisscottfortnite #Astronomical https://t.co/yZOeGwZqBw,0.0,0.0
36,Sat Apr 25 14:51:10 +0000 2020,Waiting in lobby for this Astro Event #Fortnite @trvisXX,0.0,0.0
37,Sat Apr 25 14:51:11 +0000 2020,RT @backforcee: Please add this music pack! Full version: https://t.co/0wxUR2ZJfh---------------------------------------------------------…,0.35,0.55
38,Sat Apr 25 14:51:12 +0000 2020,RT @ohRampz: I'll give 13.5k V-Bucks(applied) to someone that retweets this Tweet within the next 24hMust be following @SiovoSells+@Surfe…,0.0,0.05
39,Sat Apr 25 14:51:13 +0000 2020,"RT @RedTR_: 1X Psycho Bundle, 1X Honor Guard,  1X Neo Versa, 3K V-Bucks, 5$ and 1 mystery Box🔥 6 Winners -Must be following: me @RedTR_ ,…",0.0,0.1
40,Sat Apr 25 14:51:13 +0000 2020,RT @Sweazyleaks: @FortniteGame https://t.co/ljKtKQELR7,0.0,0.0
41,Sat Apr 25 14:51:17 +0000 2020,RT @JuicyJustin1731: Saturday-Mood-Giveaway 🌇1 SHOP ITEM OF UR CHOICE 🔥To qualify: 1. • Like &amp; RT 💭2. • Follow @JuicyJustin1731 &amp; @U…,0.0,0.0
42,Sat Apr 25 14:51:25 +0000 2020,RT @Sweazyleaks: What event was better for you? #Fortnite Like= marshmello Retweet = Travis scott https://t.co/k2nriWfHKH,0.5,0.5
43,Sat Apr 25 14:51:25 +0000 2020,#cr_yeste is now streaming #Fortnite https://t.co/kSPVMn5ftn,0.0,0.0
44,Sat Apr 25 14:51:27 +0000 2020,When @HypeJokar is kind of a god!!!!Custom #Fortnite skin of me! This is legit 🔥🔥 im sooo obsessed! https://t.co/6hfHOmguis,0.0625,0.95
45,Sat Apr 25 14:51:31 +0000 2020,RT @Sweazyleaks: @FortniteGame https://t.co/ljKtKQELR7,0.0,0.0
46,Sat Apr 25 14:51:35 +0000 2020,"RT @raptoonu: 📢Dans 10 minutes, concert de #TravisScott sur #Fortnite sur mon Twitch : https://t.co/wp5fiDnMzd",0.0,0.0
47,Sat Apr 25 14:51:37 +0000 2020,Vou assistir meu primeiro show na playstation. #TravisScott,0.0,0.0
48,Sat Apr 25 14:51:40 +0000 2020,RT @Egypt_Kaori: 負けたら棺桶逝きのタイマン場【島コード 4101-0084-7706】#FortniteChapter2 #Fortnite #フォートナイト https://t.co/mjekWfSTGm,0.0,0.0
49,Sat Apr 25 14:51:41 +0000 2020,But i need the normal mode solo and such 😑 why you gotta only show this one i've already entered it last day… https://t.co/7qVfw0DeZ8,0.0375,0.5541666666666667
50,Sat Apr 25 14:51:46 +0000 2020,3回目は大画面で見る。#Astronomical https://t.co/YQ3CY6aBkR,0.0,0.0
51,Sat Apr 25 14:51:48 +0000 2020,RT @JuicyJustin1731: Saturday-Mood-Giveaway 🌇1 SHOP ITEM OF UR CHOICE 🔥To qualify: 1. • Like &amp; RT 💭2. • Follow @JuicyJustin1731 &amp; @U…,0.0,0.0
52,Sat Apr 25 14:51:49 +0000 2020,This was actually fucking dope!! Awesome first impression on me for both @trvisXX and his music as well as… https://t.co/NBPsReNR3u,0.10416666666666667,0.7111111111111111
53,Sat Apr 25 14:51:49 +0000 2020,RT @FortniteGameFR: Les rumeurs disent que l'ancienne map de #Fortnite va bientôt faire son grand retour (car on l’apercevrait dans le skin…,0.5,1.0
54,Sat Apr 25 14:51:50 +0000 2020,RT @uperkun: Fortnite動画班募集してます！詳しくは@Rarararara1000 のDMへ！#Fortnite#フォートナイト#Fortnite募集#フォートナイト募集,0.0,0.0
55,Sat Apr 25 14:51:52 +0000 2020,RT @WellComMeaux: Le morceau était l’inédit prévu lors du concert virtuel de Travis Scott.Peut-on parler d'une nouvelle version des frère…,0.0,0.0
56,Sat Apr 25 14:51:53 +0000 2020,RT @DELTAGG058: こんばんわ❗️本日のCRCUP出場者さんお疲れ様でした😁そして、6000人フォロワー突破致しました😁リプに応援メッセージお願い致しますリプの中から1名様に6000円アマギフをプレゼントさせていただきます😆ではお待ちしております🤲#…,0.0,0.0
57,Sat Apr 25 14:51:55 +0000 2020,RT @Sow6De: #CONCOURS #FORTNITE💰🎁Tente de gagner le skin #TravisScott de la boutique #Fortnite ! 🤩🎁Pour participer il faut : -#RT ce t…,0.0,0.0
58,Sat Apr 25 14:51:56 +0000 2020,RT @Egypt_Kaori: 負けたら棺桶逝きのタイマン場【島コード 4101-0084-7706】#FortniteChapter2 #Fortnite #フォートナイト https://t.co/mjekWfSTGm,0.0,0.0
59,Sat Apr 25 14:51:57 +0000 2020,RT @Sow6De: #CONCOURS #FORTNITE💰🎁Tente de gagner le skin #TravisScott de la boutique #Fortnite ! 🤩🎁Pour participer il faut : -#RT ce t…,0.0,0.0
60,Sat Apr 25 14:51:59 +0000 2020,RT @Egypt_Kaori: 負けたら棺桶逝きのタイマン場【島コード 4101-0084-7706】#FortniteChapter2 #Fortnite #フォートナイト https://t.co/mjekWfSTGm,0.0,0.0
61,Sat Apr 25 14:51:59 +0000 2020,#Astronomical Part 2 #PS4live (Fortnite)  live at https://t.co/PQjumjz5s4,0.13636363636363635,0.5
62,Sat Apr 25 14:52:00 +0000 2020,RT @Egypt_Kaori: 負けたら棺桶逝きのタイマン場【島コード 4101-0084-7706】#FortniteChapter2 #Fortnite #フォートナイト https://t.co/mjekWfSTGm,0.0,0.0
63,Sat Apr 25 14:52:01 +0000 2020,RT @Sweazyleaks: @FortniteGame https://t.co/ljKtKQELR7,0.0,0.0
64,Sat Apr 25 14:52:11 +0000 2020,#Fortnite #TravisScott#epicgames #YouTuber#YouTube#Follow#stream#streaminghttps://t.co/dZkkWkCpue,0.0,0.0
65,Sat Apr 25 14:52:18 +0000 2020,#Fortnite #フォートナイト iei https://t.co/XmgUD9DH45,0.0,0.0
66,Sat Apr 25 14:52:22 +0000 2020,RT @riteiruozisan: あと10分で始まる。。。CrazyRaccoonさんのライブ配信を視聴中：「Crazy Raccoon Cup」 https://t.co/b76vgqj9Xt #FORTNITE,0.0,0.0
67,Sat Apr 25 14:52:22 +0000 2020,YouTube Channel / 161K •Full Access•Mail Changeable •No Strikes •Full MonetisationLooking For Offers📲… https://t.co/p07ZMZsiSU,0.0,0.0
68,Sat Apr 25 14:52:25 +0000 2020,https://t.co/ErGtPn8BiO Join to not be bored during quarantine #funny #TravisScott #travisscottfortnite #Warzone… https://t.co/xsAivLEsP9,-0.125,1.0
69,Sat Apr 25 14:52:39 +0000 2020,RT @the_fluffy_show: hey we #live on @OfficialDLive streaming some #fortnite (:https://t.co/oRw3mzzK0y,0.13636363636363635,0.5
70,Sat Apr 25 14:52:43 +0000 2020,RT @Egypt_Kaori: 負けたら棺桶逝きのタイマン場【島コード 4101-0084-7706】#FortniteChapter2 #Fortnite #フォートナイト https://t.co/mjekWfSTGm,0.0,0.0
71,Sat Apr 25 14:52:45 +0000 2020,RT @CallieGirl707: When @HypeJokar is kind of a god!!!!Custom #Fortnite skin of me! This is legit 🔥🔥 im sooo obsessed! https://t.co/6hfHO…,0.0625,0.95
72,Sat Apr 25 14:52:47 +0000 2020,RT @1084_green: ワンタイム始まった瞬間に用事を思い出す男#フォートナイト　#fortnite https://t.co/IsWWXXWtc6,0.0,0.0
73,Sat Apr 25 14:52:49 +0000 2020,RT @MCVS_lion: モダコンＶＳと他のゲームの違い。#荒野行動 #Fortnite  #CoDMobile  #モダコンＶＳ https://t.co/6udKW9NpxH,0.0,0.0
74,Sat Apr 25 14:52:50 +0000 2020,"RT @raptoonu: 📢Dans 10 minutes, concert de #TravisScott sur #Fortnite sur mon Twitch : https://t.co/wp5fiDnMzd",0.0,0.0
75,Sat Apr 25 14:52:51 +0000 2020,RT @firesportsgg: Ya están listos todos los participantes de la #ShooterChallenge para el torneo de #Fortnite de esta tarde. 🏀🔫 ¡Esto se po…,0.0,0.0
76,Sat Apr 25 14:52:51 +0000 2020,Many people believe that the map will change in the last event what do you think?🥱 #WaveRC #VALORANT… https://t.co/V7logJP6On,0.25,0.2833333333333333
77,Sat Apr 25 14:52:53 +0000 2020,Empezamos !!! https://t.co/xXk7ashXPo,0.0,0.0
78,Sat Apr 25 14:52:56 +0000 2020,RT @Lilagraal: ボタン配置変えて一週間弱になるけど編集がまだまだぐだる＞＜　＃フォートナイト　＃フォロバ　#fortnite https://t.co/2RnFMrnN9x,0.0,0.0
79,Sat Apr 25 14:52:57 +0000 2020,RT @Dollar_FN: @LichtClanFN ↑あと4人で100人フォロワーです！フォローお願いします！#Fortnite,0.0,0.0
80,Sat Apr 25 14:52:57 +0000 2020,RT @FN_TULIO: 【ファンタスティック3色パン】Tulio highlight #2Like＆RT plzpc移行してから初めてのハイライトです！#fortnite#フォートナイト#乃木坂46 https://t.co/U0CFSSbwUN,0.0,0.0
81,Sat Apr 25 14:52:58 +0000 2020,🚷🚷...#60hzGang#fortnite #fortniteVbucks #fortnitechampions #fortnitefncs #forrnitereward #battlepass… https://t.co/KNvu4O0eJP,0.0,0.0
82,Sat Apr 25 14:52:59 +0000 2020,RT @realwhtefn: Many people believe that the map will change in the last event what do you think?🥱 #WaveRC #VALORANT  #FortniteChapter2 #ga…,0.25,0.2833333333333333
83,Sat Apr 25 14:52:57 +0000 2020,RT @realwhtefn: Many people believe that the map will change in the last event what do you think?🥱 #WaveRC #VALORANT  #FortniteChapter2 #ga…,0.25,0.2833333333333333
84,Sat Apr 25 14:53:00 +0000 2020,RT @Sweazyleaks: @FortniteGame https://t.co/ljKtKQELR7,0.0,0.0
85,Sat Apr 25 14:53:03 +0000 2020,RT @realwhtefn: Many people believe that the map will change in the last event what do you think?🥱 #WaveRC #VALORANT  #FortniteChapter2 #ga…,0.25,0.2833333333333333
86,Sat Apr 25 14:53:04 +0000 2020,RT @Sweazyleaks: What event was better for you? #Fortnite Like= marshmello Retweet = Travis scott https://t.co/k2nriWfHKH,0.5,0.5
87,Sat Apr 25 14:53:08 +0000 2020,#JangoRadio #Django #BurialYonderStar #Sound #Music #LondonDrivestill #ThemerFunk #RumBruccTree… https://t.co/ynrSqT4H7p,0.4,0.4
88,Sat Apr 25 14:53:09 +0000 2020,RT @realwhtefn: Many people believe that the map will change in the last event what do you think?🥱 #WaveRC #VALORANT  #FortniteChapter2 #ga…,0.25,0.2833333333333333
89,Sat Apr 25 14:53:13 +0000 2020,RT @Sow6De: #CONCOURS #FORTNITE💰🎁Tente de gagner le skin #TravisScott de la boutique #Fortnite ! 🤩🎁Pour participer il faut : -#RT ce t…,0.0,0.0
90,Sat Apr 25 14:53:15 +0000 2020,"RT @firesportsgg: Adam, vemos que últimamente no estás muy activo por aquí, pero nos dicen que te apuntas al #shooterchallenge de #Fortnite…",0.0,0.0
91,Sat Apr 25 14:53:15 +0000 2020,We love you @FortniteGame @trvisXX thanks again. #fortnite #concert #geton psn:Moo-Moo92PSN:Jaddenthegreat mom and… https://t.co/iSU3CrIfx9,0.35,0.4
92,Sat Apr 25 14:53:15 +0000 2020,📢 Je démarre un 🔴 LIVE sur #Fortnite ! https://t.co/DpZh0xu0eN #wizebot #twitch,0.17045454545454544,0.5
93,Sat Apr 25 14:53:18 +0000 2020,RT @yusv55: 【ローグスパイダーナイト導入代行】2000Vbuck付きでお値段5000円！！最短10分で完了！！お安くなってますのでこの機会に是非♪いいねに沢山実績もまとめてますのでお目通しくださいませ#コード#スキン導入#ローグスパイダーナイト#…,0.0,0.0
94,Sat Apr 25 14:53:23 +0000 2020,#Fortnite #フォートナイト 特等席 https://t.co/RaV2S7AYHo,0.0,0.0
95,Sat Apr 25 14:53:24 +0000 2020,RT @dailybtn: Travis Scott &amp; Kid Cudi drop “The Scotts” 🚀. The track premiered prior to its official release in the popular multiplayer onl…,0.3,0.45
96,Sat Apr 25 14:53:27 +0000 2020,Unpopular opinion I hope we keep the heavy sniper in the game @FortniteGame ? #fortnite,-0.30000000000000004,0.45
97,Sat Apr 25 14:53:30 +0000 2020,⭐オナーガード正規コード販売⭐ av⭐一般のお客様価格　3000円⭐⭐業者様限定価格 1500円⭐業者様は総実績100件↑又は知り合いのみ#fortnite#フォートナイト#オナーガード https://t.co/8gQkM770oZ,0.0,0.0
98,Sat Apr 25 14:53:31 +0000 2020,“ RUN IT UP “ SOON ON .. @SoundCloud #newmusic #hiphop #rap #soundcloud #unreleasedmusic #tastemaker #indie… https://t.co/FCzAMS5JiT,0.0,0.0
99,Sat Apr 25 14:53:33 +0000 2020,RT @Egypt_Kaori: 負けたら棺桶逝きのタイマン場【島コード 4101-0084-7706】#FortniteChapter2 #Fortnite #フォートナイト https://t.co/mjekWfSTGm,0.0,0.0
100,Sat Apr 25 14:53:34 +0000 2020,開始です！！ちょっとソロ潜ります！！,0.0,0.0
101,Sat Apr 25 14:53:35 +0000 2020,RT @Egypt_Kaori: 負けたら棺桶逝きのタイマン場【島コード 4101-0084-7706】#FortniteChapter2 #Fortnite #フォートナイト https://t.co/mjekWfSTGm,0.0,0.0
102,Sat Apr 25 14:53:36 +0000 2020,RT @Egypt_Kaori: 負けたら棺桶逝きのタイマン場【島コード 4101-0084-7706】#FortniteChapter2 #Fortnite #フォートナイト https://t.co/mjekWfSTGm,0.0,0.0
103,Sat Apr 25 14:53:38 +0000 2020,RT @AppleMusic: Listen to @trvisXX x @FortniteGame’s official #Astronomical playlist now.https://t.co/xis7hHVu6z https://t.co/JSmzfLjlhc,0.0,0.0
104,Sat Apr 25 14:53:38 +0000 2020,RT @EriasMieay: ゲーミングPCプレゼント企画🎁参加方法@EriasMieay @LexiaNoel をフォローこのツイートをRT本気でPC移行したい方のみ以上です締め切りは5月6日です！#フォートナイト#Fortnite#Apex#R6S…,0.0,0.0
105,Sat Apr 25 14:53:39 +0000 2020,RT @CallieGirl707: When @HypeJokar is kind of a god!!!!Custom #Fortnite skin of me! This is legit 🔥🔥 im sooo obsessed! https://t.co/6hfHO…,0.0625,0.95
106,Sat Apr 25 14:53:44 +0000 2020,RT @Egypt_Kaori: 負けたら棺桶逝きのタイマン場【島コード 4101-0084-7706】#FortniteChapter2 #Fortnite #フォートナイト https://t.co/mjekWfSTGm,0.0,0.0
107,Sat Apr 25 14:53:55 +0000 2020,RT @Egypt_Kaori: 負けたら棺桶逝きのタイマン場【島コード 4101-0084-7706】#FortniteChapter2 #Fortnite #フォートナイト https://t.co/mjekWfSTGm,0.0,0.0
108,Sat Apr 25 14:54:04 +0000 2020,RT @Team_Missed: Hey !Nous sommes à la recherche de 2 derniers joueurs SOLO pour les prochains événements sur #Fortnite : Si vous avez 16…,0.0,0.0
109,Sat Apr 25 14:54:06 +0000 2020,"RT @DaveDzns: ""Astroworld"" A Travis Scott Fortnite SceneThanks @FortniteGame For The Assets 💜-Really Wanted To Make A Scene Before The…",0.0,0.0
110,Sat Apr 25 14:54:06 +0000 2020,【#サイコバンドル代行】お客様のアカウントにスキンを導入致します！業界最安値【#4000円】で販売！#Fortnite#フォートナイト代行#サイコバンドル#スキン導入https://t.co/MErDYrVvvl,0.0,0.0
111,Sat Apr 25 14:54:09 +0000 2020,"RT @LT_Negotiator: This right here is astronomical, you feel me?#Fortnite #FortniteArt #Astronomical https://t.co/KX6PoOshJ2",0.2857142857142857,0.5357142857142857
112,Sat Apr 25 14:54:11 +0000 2020,こりゃおもろい,0.0,0.0
113,Sat Apr 25 14:54:13 +0000 2020,#Fortnite https://t.co/FHv8petAKW,0.0,0.0
114,Sat Apr 25 14:54:13 +0000 2020,The shopping cart that tried to kill me #FortniteShoppingCart #Fortnite2018 #Season4 #Fortnite #XboxShare https://t.co/pvLHWtq3DD,0.0,0.0
115,Sat Apr 25 14:54:13 +0000 2020,RT @mamorunrun_: #PS4share #Fortnite ＃フォートナイトピアノ #新宝島丁寧丁寧丁寧に作りました https://t.co/fuKJdtDnnW,0.0,0.0
116,Sat Apr 25 14:54:16 +0000 2020,So uh this Travis Scott concert thing on Fortnite... I thought the Battle Royale modes were disabled but people sti… https://t.co/0qHQWxrIiQ,-0.2,0.3
117,Sat Apr 25 14:54:18 +0000 2020,The doors have opened for the next showing of Travis Scott's Astronomical! Jump in and unlock some awesome in-game… https://t.co/2mu3LXbkK1,0.5,0.5
118,Sat Apr 25 14:54:20 +0000 2020,RT @Egypt_Kaori: 負けたら棺桶逝きのタイマン場【島コード 4101-0084-7706】#FortniteChapter2 #Fortnite #フォートナイト https://t.co/mjekWfSTGm,0.0,0.0
119,Sat Apr 25 14:54:22 +0000 2020,RT @firesportsgg: Ya están listos todos los participantes de la #ShooterChallenge para el torneo de #Fortnite de esta tarde. 🏀🔫 ¡Esto se po…,0.0,0.0
120,Sat Apr 25 14:54:23 +0000 2020,RT @Egypt_Kaori: 負けたら棺桶逝きのタイマン場【島コード 4101-0084-7706】#FortniteChapter2 #Fortnite #フォートナイト https://t.co/mjekWfSTGm,0.0,0.0
121,Sat Apr 25 14:54:24 +0000 2020,RT @jintaso666: ル～♪#Fortnite #FortniteArt #フォートナイトアート https://t.co/pHAyBVPa9F,0.0,0.0
122,Sat Apr 25 14:54:29 +0000 2020,RT @Egypt_Kaori: 負けたら棺桶逝きのタイマン場【島コード 4101-0084-7706】#FortniteChapter2 #Fortnite #フォートナイト https://t.co/mjekWfSTGm,0.0,0.0
123,Sat Apr 25 14:54:29 +0000 2020,RT @okamiyuki1415: Streaming the Travis Scott concert starting in 15mins 😄 so excited for my first live event 🎉 #Fortnitetravisscott #Fortn…,0.1903409090909091,0.42083333333333334
124,Sat Apr 25 14:54:31 +0000 2020,RT @okamiyuki1415: Streaming the Travis Scott concert starting in 15mins 😄 so excited for my first live event 🎉 #Fortnitetravisscott #Fortn…,0.1903409090909091,0.42083333333333334
125,Sat Apr 25 14:54:31 +0000 2020,RT @Juchtervbergen: DigitalChamber #Entertainment #Gaming #Media #EpicGames #fortnite Fortnite hosted a psychedelic Travis Scott concert an…,0.0,0.0
126,Sat Apr 25 14:54:38 +0000 2020,#ScottTravis #Astronomical #Event Live live at https://t.co/qcTEEAAdnU,0.13636363636363635,0.5
127,Sat Apr 25 14:54:39 +0000 2020,#Fortnite #XboxShare https://t.co/o2wRLxelL5,0.0,0.0
128,Sat Apr 25 14:54:40 +0000 2020,RT @firesportsgg: Bien Tomeu! Dicen que los últimos serán los primeros 😉Bienvenido al #shooterchallenge de #Fortnite! 🏀🔫 https://t.co/ad80…,0.0,0.0
129,Sat Apr 25 14:54:40 +0000 2020,RT @fn_dimlight__: はいかわいい描く〜ってなってかいた#Fortnite #FortniteArt https://t.co/BzbQQZvmOh,0.0,0.0
130,Sat Apr 25 14:54:50 +0000 2020,RT @SweetShoreGamer: 🥳🎉 GIVEAWAY TIME 🎉🥳Giving away 1000 V-Bucks To enter follow the link below!#Giveaway #Fortnite #FreeVbucks #TeamSw…,0.0,0.0
131,Sat Apr 25 14:54:50 +0000 2020,📢 Je démarre un 🔴 LIVE sur #Fortnite ! https://t.co/pxbsvI3cYC #wizebot #twitch,0.17045454545454544,0.5
132,Sat Apr 25 14:54:52 +0000 2020,"RT @Complex: ""I hadn’t been to a real concert for over two months... so I downloaded Fortnite on my Nintendo Switch and attended my first v…",0.05000000000000001,0.3444444444444445
133,Sat Apr 25 14:54:54 +0000 2020,RT @Egypt_Kaori: 負けたら棺桶逝きのタイマン場【島コード 4101-0084-7706】#FortniteChapter2 #Fortnite #フォートナイト https://t.co/mjekWfSTGm,0.0,0.0
134,Sat Apr 25 14:54:56 +0000 2020,RT @DKY_Officiel: [#Fortnite]Les #recrutements sont ouverts pour notre section Fortnite ! - Il est possible de postuler en DUO (remplir…,-0.46875,1.0
135,Sat Apr 25 14:55:00 +0000 2020,New photo recognition application design !⏱ Time : 2h45💻 Photoshop x Illustrator🖇 RT &amp; Follow ❤️ are appreciat… https://t.co/3b8qQ5H3W9,0.17045454545454544,0.45454545454545453
136,Sat Apr 25 14:55:01 +0000 2020,RT @Egypt_Kaori: 負けたら棺桶逝きのタイマン場【島コード 4101-0084-7706】#FortniteChapter2 #Fortnite #フォートナイト https://t.co/mjekWfSTGm,0.0,0.0
137,Sat Apr 25 14:55:02 +0000 2020,RT @firesportsgg: Gracias @juanchiviris41 por apuntarte con @willyhg94 al #shooterchallenge de #Fortnite. Va a ser toda una demostración de…,0.0,0.0
138,Sat Apr 25 14:55:06 +0000 2020,Travis Scott Event #3 Its Strarting In 10 Minutes | #Fortnite https://t.co/WKBYHWvIR3,0.0,0.0
139,Sat Apr 25 14:55:07 +0000 2020,RT @RealNobby_11: Nice early run ready for the grind hopefully be live in a couple of hours on #twitch come join me and don't forget to fol…,0.25909090909090904,0.575
140,Sat Apr 25 14:55:08 +0000 2020,EN LIVE SUR TWITCH / https://t.co/eDNofhY4dV POUR REGARDER LE CONCERT !!! :D Rejoint moi !!! :P #Fortnite #Event… https://t.co/9ASQHEYdNk,0.6721117424242425,0.8333333333333334
141,Sat Apr 25 14:55:10 +0000 2020,RT @firesportsgg: Empieza a calentarse el ambiente para el #shooterchallenge de #fortnite 🔫🏀. 📅 Hoy sábado 25⏰ A las 18h (España) 📺 Cana…,0.0,0.0
142,Sat Apr 25 14:55:13 +0000 2020,Make sure to sub and like to see more! #fortnite#PS4sharehttps://t.co/V1MZgugsU1,0.5625,0.6944444444444444
143,Sat Apr 25 14:55:14 +0000 2020,Live at https://t.co/8ge2pi7rBW enjoying some #fortnite travis scott event. #Shivnation #lurkforce #thedailygrind y… https://t.co/9fPHIfPX0B,0.3181818181818182,0.55
144,Sat Apr 25 14:55:27 +0000 2020,RT @Sweazyleaks: @FortniteGame https://t.co/ljKtKQELR7,0.0,0.0
145,Sat Apr 25 14:55:29 +0000 2020,Was one if the coolest video game moments yet for sure and I been gaming for 25+ years @trvisXX @FortniteGame you g… https://t.co/dDM7t4TCyL,0.04999999999999999,0.6444444444444444
146,Sat Apr 25 14:55:29 +0000 2020,RT @Egypt_Kaori: 負けたら棺桶逝きのタイマン場【島コード 4101-0084-7706】#FortniteChapter2 #Fortnite #フォートナイト https://t.co/mjekWfSTGm,0.0,0.0
147,Sat Apr 25 14:55:31 +0000 2020,"A beautiful new pickaxe was added to #Fortnite, but unless you prove yourself in the #FortniteChampionSeries, you w… https://t.co/ONdhp3KaQa",0.49318181818181817,0.7272727272727273
148,Sat Apr 25 14:55:31 +0000 2020,"NEM TO JOGANDO MAIS, MAS QUE FODA MANO, @Travisscott  u brabo",0.0,0.0
149,Sat Apr 25 14:55:34 +0000 2020,RT @Egypt_Kaori: 負けたら棺桶逝きのタイマン場【島コード 4101-0084-7706】#FortniteChapter2 #Fortnite #フォートナイト https://t.co/mjekWfSTGm,0.0,0.0
150,Sat Apr 25 14:55:35 +0000 2020,@trvisXX @FortniteGame 🔥🤘🏻🔥#TravisScott #Fortnite #FortniteConcert #GamerLife #XboxOneX #XboxLive https://t.co/kygozlx4zL,0.0,0.0
151,Sat Apr 25 14:55:37 +0000 2020,RT @Egypt_Kaori: 負けたら棺桶逝きのタイマン場【島コード 4101-0084-7706】#FortniteChapter2 #Fortnite #フォートナイト https://t.co/mjekWfSTGm,0.0,0.0
152,Sat Apr 25 14:55:43 +0000 2020,RT @alwaysethvn: Man we GOATED. Ended this champs arena w an 18 kill dub. lets goooo.#fortnite #twitchstream #twitchaffiliate #fnbr #freea…,0.0,0.0
153,Sat Apr 25 14:55:46 +0000 2020,First Stream as affiliate!!! Travis Scott event Again!!! #travisscott #fortnitetravisscott #fortniteliveevent… https://t.co/ens8G8rHqC,0.95367431640625,0.3333333333333333
154,Sat Apr 25 14:55:47 +0000 2020,二段階認証組 #Fortnite #フォートナイト https://t.co/NPoaHV2U3Z,0.0,0.0
155,Sat Apr 25 14:55:52 +0000 2020,RT @BuzzSlayerUK: 🔥 GIVEAWAY GeForce RTX 2080 Super🔥Follow These Steps- RT- Tag Lots Of Friends- Follow Us @BuzzSlayerUK 🔥Bonus Entr…,0.0,0.0
156,Sat Apr 25 14:55:53 +0000 2020,5 minutes till concert! #Fortnite,0.0,0.0
157,Sat Apr 25 14:55:54 +0000 2020,The Queen 👸🏼 of EntertainmentBabes @DaynaDevon #DD #Fortnite @KTLAWeekendAM https://t.co/VKUYxvr4g6,0.0,0.0
158,Sat Apr 25 14:55:55 +0000 2020,RT @PlutoV2YT: Like this tweet if your awake rn. I wanna send someone a gift from the Fortnite Item Shop right now 👀🎁#Fortnite,0.2857142857142857,0.5357142857142857
159,Sat Apr 25 14:55:55 +0000 2020,RT @Egypt_Kaori: 負けたら棺桶逝きのタイマン場【島コード 4101-0084-7706】#FortniteChapter2 #Fortnite #フォートナイト https://t.co/mjekWfSTGm,0.0,0.0
160,Sat Apr 25 14:55:56 +0000 2020,「テラスハウス」YouTubeに追加しました。https://t.co/QVUWdxqBwS#YouTube #Fortnite #Fortnitecreative #フォートナイト https://t.co/ZLfA5AiPMN,0.0,0.0
161,Sat Apr 25 14:55:59 +0000 2020,ギャラクシー垢　xbox以外対応　#ps4対応　 価格は1500円です！　気になる方はDMまで！#フォートナイト#ギャラクシー#Galaxy#アカウント販売#Fortnite#Sxcialskillの在庫… https://t.co/8Egs2nxaLw,0.0,0.0
162,Sat Apr 25 14:55:59 +0000 2020,RT @Egypt_Kaori: 負けたら棺桶逝きのタイマン場【島コード 4101-0084-7706】#FortniteChapter2 #Fortnite #フォートナイト https://t.co/mjekWfSTGm,0.0,0.0
163,Sat Apr 25 14:56:01 +0000 2020,RT @Egypt_Kaori: 負けたら棺桶逝きのタイマン場【島コード 4101-0084-7706】#FortniteChapter2 #Fortnite #フォートナイト https://t.co/mjekWfSTGm,0.0,0.0
164,Sat Apr 25 14:56:01 +0000 2020,"3 Months Ago: Online gaming is horrible! “Get off the DAMN games, boys!!!”3 Months Later: Thank god for online ga… https://t.co/GTsjxUPFI7",-0.5,0.5
165,Sat Apr 25 14:56:02 +0000 2020,RT @Egypt_Kaori: 負けたら棺桶逝きのタイマン場【島コード 4101-0084-7706】#FortniteChapter2 #Fortnite #フォートナイト https://t.co/mjekWfSTGm,0.0,0.0
166,Sat Apr 25 14:56:03 +0000 2020,RT @Egypt_Kaori: 負けたら棺桶逝きのタイマン場【島コード 4101-0084-7706】#FortniteChapter2 #Fortnite #フォートナイト https://t.co/mjekWfSTGm,0.0,0.0
167,Sat Apr 25 14:56:04 +0000 2020,RT @Egypt_Kaori: 負けたら棺桶逝きのタイマン場【島コード 4101-0084-7706】#FortniteChapter2 #Fortnite #フォートナイト https://t.co/mjekWfSTGm,0.0,0.0
168,Sat Apr 25 14:56:05 +0000 2020,RT @Egypt_Kaori: 負けたら棺桶逝きのタイマン場【島コード 4101-0084-7706】#FortniteChapter2 #Fortnite #フォートナイト https://t.co/mjekWfSTGm,0.0,0.0
169,Sat Apr 25 14:56:07 +0000 2020,RT @PlutoV2YT: LIKE &amp; RT IF ACTIVE! SENDING A GIFT TO SOMEONE BELOW RIGHT NOW!? 🎁#Fortnite #FortniteChapter2 #Fortnitetravisscott #Travis…,0.09523809523809522,0.5678571428571428
170,Sat Apr 25 14:56:08 +0000 2020,Já estamos no palco esperando Travis Scott!!#fortnite #travisscott #astronomicalevent #epicgames #eventofortnite https://t.co/tcAWJM9THk,0.0,0.0
171,Sat Apr 25 14:56:08 +0000 2020,RT @watchertv2000: The Queen 👸🏼 of EntertainmentBabes @DaynaDevon #DD #Fortnite @KTLAWeekendAM https://t.co/VKUYxvr4g6,0.0,0.0
172,Sat Apr 25 14:56:08 +0000 2020,#NintendoSwitch #Fortnite Parte 3 https://t.co/ygv3bvl60F,0.0,0.0
173,Sat Apr 25 14:56:14 +0000 2020,I love the Travis Scott event but the builds everywhere are making it ugly #Fortnite,-0.09999999999999998,0.8
174,Sat Apr 25 14:56:24 +0000 2020,Honestly not a big Fortnite fan but that Event was Sick! @trvisXX @FortniteGame#Astronomical #Fortnite #Gaming #Epic #SocialDistancing,-0.2642857142857143,0.4523809523809524
175,Sat Apr 25 14:56:33 +0000 2020,Follow my twitch i stream daily i play siege and warzone #Siege #Warzone #Fortnite #SaturdayMotivation https://t.co/5IClRqvVVm,0.0,0.0
176,Sat Apr 25 14:56:34 +0000 2020,これ発想もギミックも好きだけど飽きが早そう,0.0,0.0
177,Sat Apr 25 14:56:36 +0000 2020,RT @AppleMusic: Listen to @trvisXX x @FortniteGame’s official #Astronomical playlist now.https://t.co/xis7hHVu6z https://t.co/JSmzfLjlhc,0.0,0.0
178,Sat Apr 25 14:56:39 +0000 2020,https://t.co/4iYKepD0Iv Travis Scott event yasss! Fortnite it is! #twitch #fortnite @trvisXX,0.0,0.0
179,Sat Apr 25 14:56:41 +0000 2020,💓Konzert Live lets go💓 Jeder ist💓 Willkommen :) Creator Code: Twitch-MaySsk !Insta#ChilligesGaming… https://t.co/iPsTQguRyR,0.3806818181818182,0.75
180,Sat Apr 25 14:56:45 +0000 2020,Get out played dude. #arena #arenafortnite #Fortnite #ControllerGang #60fps #BattleRoyale https://t.co/4p4D4JFuR8,0.0,0.0
181,Sat Apr 25 14:56:51 +0000 2020,RT @EskoGiveaways: 🎁 #CONCOURS #FORTNITE 🎁Tente de remporter le skin Honor Guard 🎀&gt; Retweet 🔄&gt; Follow @EskoGiveaways 👥&gt; Mentionne 3 a…,0.0,0.0
182,Sat Apr 25 14:56:51 +0000 2020,RT @Egypt_Kaori: 負けたら棺桶逝きのタイマン場【島コード 4101-0084-7706】#FortniteChapter2 #Fortnite #フォートナイト https://t.co/mjekWfSTGm,0.0,0.0
183,Sat Apr 25 14:56:51 +0000 2020,"Earn free money, free V-bucks and free amazon vouchers. Click the link --&gt; https://t.co/Ij7QILOP0V#fortnite #earnfreemoney #amazon",0.4000000000000001,0.8000000000000002
184,Sat Apr 25 14:56:55 +0000 2020,Can some one please get me the Travis Scott please #fortnite #TravisScott  #gowturgang @GowturServices,0.0,0.0
185,Sat Apr 25 14:56:58 +0000 2020,New Mascot Logo on https://t.co/NPZqN6jT5M This affordable logo may be for you! 🔴🔴Purchase it quick!… https://t.co/gjGNZoBsY4,0.17045454545454544,0.45454545454545453
186,Sat Apr 25 14:56:59 +0000 2020,"Illo que empieza, que empiezaaahttps://t.co/1Hmfh3DKSg#Fortnite",0.0,0.0
187,Sat Apr 25 14:57:00 +0000 2020,Show Travis Scott#Fortnite#Fortnitetravisscott#TravisScott#TravisScottEvent#Showtravisscott Vê zecarlos11_ c… https://t.co/koixSlUwRF,0.0,0.0
188,Sat Apr 25 14:57:01 +0000 2020,RT @Zelarlyt: 殺気を感じました#Fortnite#フォートナイト https://t.co/UtsTcP4JS0,0.0,0.0
189,Sat Apr 25 14:57:03 +0000 2020,RT @ComunidadStrea1: #cr_yeste is now streaming #Fortnite https://t.co/kSPVMn5ftn,0.0,0.0
190,Sat Apr 25 14:57:16 +0000 2020,"RT @scoutex__: okay hear me out, ghost rippley and shadow sludge?🥺🤍🖤#Fortnite #FortniteArt #FortniteBattleRoyale https://t.co/8irLXrJt7n",0.5,0.5
191,Sat Apr 25 14:57:18 +0000 2020,RT @Egypt_Kaori: 負けたら棺桶逝きのタイマン場【島コード 4101-0084-7706】#FortniteChapter2 #Fortnite #フォートナイト https://t.co/mjekWfSTGm,0.0,0.0
192,Sat Apr 25 14:57:20 +0000 2020,RT @Egypt_Kaori: 負けたら棺桶逝きのタイマン場【島コード 4101-0084-7706】#FortniteChapter2 #Fortnite #フォートナイト https://t.co/mjekWfSTGm,0.0,0.0
193,Sat Apr 25 14:57:20 +0000 2020,"#Fortnite#サイコバンドル 販売中！！《 #販売価格：￥5,000 》○『#業界最安値』○『#コード での販売です』○#簡単購入○気になったら気軽にDMへ！#フォートナイト#サイコバンドル販売ehttps://t.co/Zlk4Sd6kgS",0.0,0.0
194,Sat Apr 25 14:57:21 +0000 2020,RT @DELTAGG058: こんばんわ❗️本日のCRCUP出場者さんお疲れ様でした😁そして、6000人フォロワー突破致しました😁リプに応援メッセージお願い致しますリプの中から1名様に6000円アマギフをプレゼントさせていただきます😆ではお待ちしております🤲#…,0.0,0.0
195,Sat Apr 25 14:57:26 +0000 2020,"RT @EtherealChi: Tw; gore, meds, body parts ••••••••The collection #Fortnite #TeamShadow #FortniteFanArt #midas https://t.co/8ZWe…",0.0,0.0
196,Sat Apr 25 14:57:33 +0000 2020,"Good afternoon guys, make sure to check out my new stream highlight video! let me know what u think and also subscr… https://t.co/f65h8jsOb4",0.4568181818181818,0.6478114478114478
197,Sat Apr 25 14:57:35 +0000 2020,RT @wexsports_: 🎁 #SORTEO Sorteo 2 Skins Travis Scott para #Fortnite Requisitos:Dar RT al Twitt🔁Seguirnos +Dar❤️ al TwittMucha sue…,0.0,0.0
198,Sat Apr 25 14:57:35 +0000 2020,Afs,0.0,0.0
199,Sat Apr 25 14:57:40 +0000 2020,📢 Je démarre un 🔴 LIVE sur #Fortnite ! https://t.co/STbEdSB9NP #wizebot #twitch,0.17045454545454544,0.5
200,Sat Apr 25 14:57:47 +0000 2020,New photo recognition application design !⏱ Time : 2h45💻 Photoshop x Illustrator🖇 RT &amp; Follow ❤️ are appreciat… https://t.co/Bu9pH6Z7EL,0.17045454545454544,0.45454545454545453
201,Sat Apr 25 14:57:51 +0000 2020,"RT @toxivyx: Good afternoon guys, make sure to check out my new stream highlight video! let me know what u think and also subscribe if u li…",0.4568181818181818,0.6478114478114478
202,Sat Apr 25 14:57:53 +0000 2020,RT @bobaocto: what does she have there? a KNIFE? #fortnite #FortniteChapter2 #FortniteArt #Catalyst #drift #fanart https://t.co/dKtdwQbRO6,0.0,0.0
203,Sat Apr 25 14:57:53 +0000 2020,Really cool 😎 #CallofDuty  #dota2 #clashroyale #clash #royale #pubg #fortnite #minecraft #game #gamer #twitch #ps… https://t.co/Nf9BJrxtZ4,-0.025000000000000022,0.525
204,Sat Apr 25 14:57:54 +0000 2020,RT @DynamikEsports: Yaniss - Concert Travis Scott #fortnite https://t.co/WyLqfWOYFa,0.0,0.0
205,Sat Apr 25 14:57:55 +0000 2020,"RT @toxivyx: Good afternoon guys, make sure to check out my new stream highlight video! let me know what u think and also subscribe if u li…",0.4568181818181818,0.6478114478114478
206,Sat Apr 25 14:57:56 +0000 2020,RT @DELTAGG058: こんばんわ❗️本日のCRCUP出場者さんお疲れ様でした😁そして、6000人フォロワー突破致しました😁リプに応援メッセージお願い致しますリプの中から1名様に6000円アマギフをプレゼントさせていただきます😆ではお待ちしております🤲#…,0.0,0.0
207,Sat Apr 25 14:58:00 +0000 2020,Travis Scott Event #3 Its Strarting In 6 Minutes | #Fortnite https://t.co/Glk6Z88n24,0.0,0.0
208,Sat Apr 25 14:58:02 +0000 2020,Fortniteフレンドなりませんか！高校生！　ちょっと顔見せる風に匂わせて見てくれる人増やす作戦#Fortnite高校生#Fortnite男子,0.0,0.0
209,Sat Apr 25 14:58:05 +0000 2020,Travis Scottのワンタイム見ます！良かったら一緒に是非！☺️https://t.co/cQuVcITF5m#フォートナイト #fortnite #参加型 #エンドゾーン #フォートナイトフレンド募集 #フォートナイト募集 #ゲーム実況 #生放送,0.0,0.0
210,Sat Apr 25 14:58:05 +0000 2020,RT @Egypt_Kaori: 負けたら棺桶逝きのタイマン場【島コード 4101-0084-7706】#FortniteChapter2 #Fortnite #フォートナイト https://t.co/mjekWfSTGm,0.0,0.0
211,Sat Apr 25 14:58:05 +0000 2020,RT @NesterRainy: Rainy Highlights #5　YOUTUBE https://t.co/LAUonWL3UdRTといいねお願いします🙏#Fortnite https://t.co/rQtnQwsUZP,0.0,0.0
212,Sat Apr 25 14:58:11 +0000 2020,Evento @TrvisXX en #Fortnite #twitch #Fortnite#PS4live  live at https://t.co/NLjdvm4cox,0.13636363636363635,0.5
213,Sat Apr 25 14:58:14 +0000 2020,"RT @apollo_aeries: ✨🌟⭐️Space Boy⭐️🌟✨I’m going to try and draw now, hopefully one day I can draw like Alex or W.S., but that’s way in the…",0.0,0.0
214,Sat Apr 25 14:58:15 +0000 2020,Check out my broadcast from my PlayStation 4! #PS4live (Fortnite)  #Fortnite live at https://t.co/CgqgDNRGPO,0.13636363636363635,0.5
215,Sat Apr 25 14:58:16 +0000 2020,It's good wall paper for iPhone!#Fortnite #TravisScott #wallpaper https://t.co/iLv3EDlCus,0.7,0.6000000000000001
216,Sat Apr 25 14:58:21 +0000 2020,"RT @Nagomi__sub: #Fortnite#サイコバンドル 販売中！！《 #販売価格：￥5,000 》○『#業界最安値』○『#コード での販売です』○#簡単購入○気になったら気軽にDMへ！#フォートナイト#サイコバンドル販売ehttps://t.c…",0.0,0.0
217,Sat Apr 25 14:58:21 +0000 2020,"Loved the Event guys, Sick!!!!@trvisXX @FortniteGame#Astronomical #Fortnite #SocialDistancing #gaming https://t.co/y9PjH5bXYp",0.7,0.8
218,Sat Apr 25 14:58:21 +0000 2020,1 V 4 Fortnite #fortnite #PS4 PROhttps://t.co/qguMrNDeSc https://t.co/GzsicuG2VN,0.0,0.0
219,Sat Apr 25 14:58:23 +0000 2020,New photo recognition application design !⏱ Time : 2h45💻 Photoshop x Illustrator🖇 RT &amp; Follow ❤️ are appreciat… https://t.co/QXM9EuSiYn,0.17045454545454544,0.45454545454545453
220,Sat Apr 25 14:58:26 +0000 2020,El evento Travis Scott comenzará en breve. Después de este solo quedará 1 #Fortnite https://t.co/gWf7vE8RlM,0.0,0.0
221,Sat Apr 25 14:58:32 +0000 2020,"This was the most popular clip on my profile, I call it, ""Saving Pvt. Joe"" #PortAFortPlays #FailedSkybase NoManLeft… https://t.co/KMIDcCvM9X",0.55,0.7
222,Sat Apr 25 14:58:32 +0000 2020,⭐サイコバンドル正規コード販売⭐av⭐一般のお客様価格 3000円⭐⭐業者様限定価格 2300円⭐業者様は実績100件↑又は知り合いのみ#fortnite#フォートナイト#サイコバンドル https://t.co/p4iMQTdris,0.0,0.0
223,Sat Apr 25 14:58:37 +0000 2020,RT @Purx124: New profile pic - Bunny Brawler 😍💓She is SO CUTE OMG! 🐰💗😂Like 💝 or RT ♻️ is appreciated! 😳#Fortnite #Fortniteart #Fortnit…,0.3371212121212121,0.5181818181818182
224,Sat Apr 25 14:58:42 +0000 2020,RT @Sweazyleaks: What event was better for you? #Fortnite Like= marshmello Retweet = Travis scott https://t.co/k2nriWfHKH,0.5,0.5
225,Sat Apr 25 14:58:47 +0000 2020,RT @FortniteFunny: Over 12.3 million concurrent players participated live in Travis Scott's #Fortnite Astronomical Event 🤯https://t.co/oh…,0.13636363636363635,0.5
226,Sat Apr 25 14:58:47 +0000 2020,RT @PlayStationFR: Vous avez loupé le concert #Astronomical de Travis Scott dans Fortnite cette nuit ?Ne loupez pas la session de rattrap…,0.0,0.0
227,Sat Apr 25 14:58:52 +0000 2020,"RT @RedTR_: 1X Psycho Bundle, 1X Honor Guard,  1X Neo Versa, 3K V-Bucks, 5$ and 1 mystery Box🔥 6 Winners -Must be following: me @RedTR_ ,…",0.0,0.1
228,Sat Apr 25 14:58:52 +0000 2020,RT @wexsports_: 🎁 #SORTEO Sorteo 2 Skins Travis Scott para #Fortnite Requisitos:Dar RT al Twitt🔁Seguirnos +Dar❤️ al TwittMucha sue…,0.0,0.0
229,Sat Apr 25 14:58:54 +0000 2020,RT @Tyrana91: Patreon poll winners! You can support my work as a patron You could have early access to all my art before anyone! Also th…,0.125,0.3
230,Sat Apr 25 14:58:55 +0000 2020,#Fortnite #フォートナイト ここで待機。 https://t.co/RRa7e2olEn,0.0,0.0
231,Sat Apr 25 14:58:59 +0000 2020,RT @Sweazyleaks: @FortniteGame https://t.co/ljKtKQELR7,0.0,0.0
232,Sat Apr 25 14:58:59 +0000 2020,https://t.co/fubs6V91sM,0.0,0.0
233,Sat Apr 25 14:59:00 +0000 2020,Travis Scott Event #4 Its Strarting In 5 Minutes | #Fortnite https://t.co/y7hoFPUlIN,0.0,0.0
234,Sat Apr 25 14:59:05 +0000 2020,🌎💫🎡🔊💪🏾 pour ceux qui n’aurait pas encore vécu ce grand moment 👌🏾🔊💪🏾🔊,0.5,1.0
235,Sat Apr 25 14:59:07 +0000 2020,RT @Sweazyleaks: What event was better for you? #Fortnite Like= marshmello Retweet = Travis scott https://t.co/k2nriWfHKH,0.5,0.5
236,Sat Apr 25 14:59:15 +0000 2020,RT @ohRampz: I'll give 13.5k V-Bucks(applied) to someone that retweets this Tweet within the next 24hMust be following @SiovoSells+@Surfe…,0.0,0.05
237,Sat Apr 25 14:59:19 +0000 2020,RT @coach_dam: Les amis ditent moi dans les commentaire ou vous spawner en solo j'ai besoin poir par la suite faire des stats et pouvoir vo…,0.0,0.0
238,Sat Apr 25 14:59:22 +0000 2020,RT @kuraachy: New photo recognition application design !⏱ Time : 2h45💻 Photoshop x Illustrator🖇 RT &amp; Follow ❤️ are appreciated 💎 GO D…,0.18522727272727274,0.2772727272727273
239,Sat Apr 25 14:59:28 +0000 2020,RT @Purx124: New profile pic - Bunny Brawler 😍💓She is SO CUTE OMG! 🐰💗😂Like 💝 or RT ♻️ is appreciated! 😳#Fortnite #Fortniteart #Fortnit…,0.3371212121212121,0.5181818181818182
240,Sat Apr 25 14:59:28 +0000 2020,Day 3 #NoAimAssist #Control #ControllerGang #Fortnite https://t.co/Lib4w3dfbS,0.0,0.0
241,Sat Apr 25 14:59:31 +0000 2020,RT @ayeitsdlay: Tell me I won’t 😈@IAmPradaMyself#fortnite #twitch #fortnitechapter2 #fortniteclips #twitchtvgaming #gaming #trickshot #F…,0.0,0.0
242,Sat Apr 25 14:59:32 +0000 2020,RT @kuraachy: New photo recognition application design !⏱ Time : 2h45💻 Photoshop x Illustrator🖇 RT &amp; Follow ❤️ are appreciated 💎 GO D…,0.18522727272727274,0.2772727272727273
243,Sat Apr 25 14:59:32 +0000 2020,RT @MCVS_lion: モダコンＶＳと他のゲームの違い。#荒野行動 #Fortnite  #CoDMobile  #モダコンＶＳ https://t.co/6udKW9NpxH,0.0,0.0
244,Sat Apr 25 14:59:33 +0000 2020,Dai un'occhiata a FORTNITE X TRAVIS SCOTT LIVE CONCERT! https://t.co/2UATuq3XKR #FortniteXTravisScott #Fortnite #Fortniteevent,0.17045454545454544,0.5
245,Sat Apr 25 14:59:36 +0000 2020,Loved the #fortnite #TravisScott event#FortniteChapter2 #travisscottfortnite https://t.co/0vbay7Sk4o,0.7,0.8
246,Sat Apr 25 14:59:39 +0000 2020,今日もワンタイム観る人多いと思うけど、学校の課題祭りがあって行けないなこりゃおやすみ💤#課題 #Fortnite #ワンタイムイベント,0.0,0.0
247,Sat Apr 25 14:59:39 +0000 2020,Best combat pro player‼️ #fortnite #realsethehounds #fortnitemontage https://t.co/g8Wbj6w7jw,1.0,0.3
248,Sat Apr 25 14:59:45 +0000 2020,RT @YT_NotAlex: If you miss this man ...... It was crazy Night#Fortnite #Streamer #Fortnitebattleroyale #Event #Travisscott https://t.co/…,-0.6,0.9
249,Sat Apr 25 14:59:49 +0000 2020,RT @izr1i: I don’t really like #Fortnite but this is LIT🔥 #travisscott #TravisScott https://t.co/Iee1WzznMw,0.2,0.2
250,Sat Apr 25 14:59:50 +0000 2020,RT @FortniteGameFR: Les rumeurs disent que l'ancienne map de #Fortnite va bientôt faire son grand retour (car on l’apercevrait dans le skin…,0.5,1.0
251,Sat Apr 25 14:59:51 +0000 2020,#Fortnite: waiting for #TravisScott concert to begin. https://t.co/4ewpnFHx5r,0.0,0.0
252,Sat Apr 25 14:59:52 +0000 2020,RT @Jack_Gullidge: Loved the #fortnite #TravisScott event#FortniteChapter2 #travisscottfortnite https://t.co/0vbay7Sk4o,0.7,0.8
253,Sat Apr 25 14:59:53 +0000 2020,Day 3 #NoAimAssist #Control #ControllerGang #Fortnite https://t.co/2SnG16pmd2,0.0,0.0
254,Sat Apr 25 14:59:54 +0000 2020,Travisの曲ええなーオススメの曲！聞いてみて！#TravisScott https://t.co/PPw9iXd0ei,0.0,0.0
255,Sat Apr 25 14:59:57 +0000 2020,RT @SonyMusicFIN: Suurta suosiota nauttineen @trvisXX x @fortnite liven viimeinen Euroopan aikavyöhykkeiden Astronomical-keikka lähtee käyn…,0.0,0.0
256,Sat Apr 25 15:00:00 +0000 2020,: Bunny Brawler Luna is this Fridays New (Returning) Hero in the Event Items - Let's Take a quick look at her as we… https://t.co/cFAABrqsD0,0.23484848484848483,0.4772727272727273
257,Sat Apr 25 15:00:00 +0000 2020,👉Travis Scottと『フォートナイト』が「Astronomical」開催! 日本での開催日時も明らかに https://t.co/XyymoqMFVE #Travisscott #フォートナイト #Astronomical #Fortnite,0.0,0.0
258,Sat Apr 25 15:00:00 +0000 2020,📺 Catch the #MythicRoyale #Fortnite finale live from 18h30 and you could #win a Crucial External SSD valued at R350… https://t.co/gw729KUNcr,0.2340909090909091,0.5
259,Sat Apr 25 15:00:00 +0000 2020,Stratus Combo!Cop or drop? #Fortnite (u/Rezawreckta) https://t.co/FlWefgFDJ2,0.0,0.0
260,Sat Apr 25 15:00:01 +0000 2020,"📢Dans 5 minutes, concert de #TravisScott sur #Fortnite sur mon Twitch : https://t.co/wp5fiDnMzd",0.0,0.0
261,Sat Apr 25 15:00:01 +0000 2020,The first team to reach 30 eliminations wins. #fortnite #fornitecreative #creativemode #fortnitevids… https://t.co/dYV9h4sW2Q,0.275,0.26666666666666666
262,Sat Apr 25 15:00:05 +0000 2020,📢 Ich bin 🔴 LIVE auf  !  https://t.co/7kIV4CUryx  #supportsmallstreamers #twitch #youtube #live #video #streaming… https://t.co/ji18DLoLmX,0.15340909090909088,0.5
263,Sat Apr 25 15:00:06 +0000 2020,"Gold Scar, nah! purple OG 👌https://t.co/DhyeGf3k2r.....#Fortnite #youtubevideo #yt #Fortnitegame #Fortnitepc… https://t.co/VWqH9My55c",0.0,0.0
264,Sat Apr 25 15:00:08 +0000 2020,RT @pigginatti: : Bunny Brawler Luna is this Fridays New (Returning) Hero in the Event Items - Let's Take a quick look at her as well as wh…,0.23484848484848483,0.4772727272727273
265,Sat Apr 25 15:00:12 +0000 2020,RT @Egypt_Kaori: 負けたら棺桶逝きのタイマン場【島コード 4101-0084-7706】#FortniteChapter2 #Fortnite #フォートナイト https://t.co/mjekWfSTGm,0.0,0.0
266,Sat Apr 25 15:00:13 +0000 2020,RT @Egypt_Kaori: 負けたら棺桶逝きのタイマン場【島コード 4101-0084-7706】#FortniteChapter2 #Fortnite #フォートナイト https://t.co/mjekWfSTGm,0.0,0.0
267,Sat Apr 25 15:00:15 +0000 2020,📢 En 🔴 DIRECTO #Fortnite !  https://t.co/VIY83jnLqB #wizebot #twitch,0.0,0.0
268,Sat Apr 25 15:00:16 +0000 2020,RT @Egypt_Kaori: 負けたら棺桶逝きのタイマン場【島コード 4101-0084-7706】#FortniteChapter2 #Fortnite #フォートナイト https://t.co/mjekWfSTGm,0.0,0.0
269,Sat Apr 25 15:00:20 +0000 2020,📢 Je démarre un 🔴 LIVE sur #Fortnite ! https://t.co/I9td4zZEyj #wizebot #twitch,0.17045454545454544,0.5
270,Sat Apr 25 15:00:22 +0000 2020,"RT @raptoonu: 📢Dans 5 minutes, concert de #TravisScott sur #Fortnite sur mon Twitch : https://t.co/wp5fiDnMzd",0.0,0.0
271,Sat Apr 25 15:00:23 +0000 2020,"RT @J0E_D4CY: 3 Months Ago: Online gaming is horrible! “Get off the DAMN games, boys!!!”3 Months Later: Thank god for online gaming! “Of…",-0.16666666666666666,0.6666666666666666
272,Sat Apr 25 15:00:24 +0000 2020,the visuals are lit,0.0,0.0
273,Sat Apr 25 15:00:25 +0000 2020,📢 Je démarre un 🔴 LIVE sur #Fortnite ! https://t.co/ojSE9N2CUz #wizebot #twitch,0.17045454545454544,0.5
274,Sat Apr 25 15:00:26 +0000 2020,Just about to watch #Astronomical concert on Fortnite. I have no idea what to expect but my boy is so excited !! 😆,0.5859375,0.75
275,Sat Apr 25 15:00:28 +0000 2020,"RT @xGoneGaming: Tune in this Sunday! Chat with Dr. Jen Welter, first female coach in the @NFL and the Gone Girls! 3pm PSTCharity streama…",0.125,0.25
276,Sat Apr 25 15:00:28 +0000 2020,RT @pigginatti: : Daily Fortnite STW &amp; BR Shop Update! = April 24th*0 VBONKS!* USE CODE = DUJ2#EpicPartnerWeekly Shop Reset YouTube V…,0.0,0.0
277,Sat Apr 25 15:00:31 +0000 2020,RT @xYcCN: join padクリエイティブウォーリアーいいねRTお願いします！#Fortnite  #フォートナイト https://t.co/GY4FKzaZa8,0.0,0.0
278,Sat Apr 25 15:00:33 +0000 2020,On part pour le concert en live de Travis Scott sur Fortnite! Rejoignez nous ! #fortnite #event #TravisScott https://t.co/TjZJZiSFrb,0.2130681818181818,0.5
279,Sat Apr 25 15:00:37 +0000 2020,On arrête plus le progrès il  y  a eu un concert dans #Fortnite  #Fortnitetravisscotthttps://t.co/NTvENeyK1U,0.0,0.0
280,Sat Apr 25 15:00:37 +0000 2020,come enjoy the stream :) #Fortnite https://t.co/TdIdieGngW@TwitchSharing @SupportStreamz @TwitchSIE… https://t.co/0c7ayUrFL1,0.45,0.75
281,Sat Apr 25 15:00:40 +0000 2020,■【フォートナイト正規垢買取】■1▪︎飽きてしまった方や、辞める方など使わない正規垢がありましたら買取させていただきます。【検索用】#フォートナイト#Fortnite#フォートナイト垢販売#フォートナイトギフト… https://t.co/07JS8hXAJo,0.0,0.0
282,Sat Apr 25 15:00:40 +0000 2020,RT @SP_Sniper93: First Stream as affiliate!!! Travis Scott event Again!!! #travisscott #fortnitetravisscott #fortniteliveevent #twitchaffil…,0.95367431640625,0.3333333333333333
283,Sat Apr 25 15:00:44 +0000 2020,RT @Egypt_Kaori: 負けたら棺桶逝きのタイマン場【島コード 4101-0084-7706】#FortniteChapter2 #Fortnite #フォートナイト https://t.co/mjekWfSTGm,0.0,0.0
284,Sat Apr 25 15:00:44 +0000 2020,RT @Egypt_Kaori: 負けたら棺桶逝きのタイマン場【島コード 4101-0084-7706】#FortniteChapter2 #Fortnite #フォートナイト https://t.co/mjekWfSTGm,0.0,0.0
285,Sat Apr 25 15:00:50 +0000 2020,#Fortnite ss https://t.co/MA2yrI2llA,0.0,0.0
286,Sat Apr 25 15:00:52 +0000 2020,RT @maizytv: 📢 Je démarre un 🔴 LIVE sur #Fortnite ! https://t.co/I9td4zZEyj #wizebot #twitch,0.17045454545454544,0.5
287,Sat Apr 25 15:00:52 +0000 2020,Noch 5 Minuten bis zum #Fortnite Live Event!,0.17045454545454544,0.5
288,Sat Apr 25 15:00:53 +0000 2020,Handmade #Astronomical #Prague wooden clock #BirthdaySurprise #GiftGiving - WorldwideShipping  (Free Shipping)-… https://t.co/ims7NSb5EG,0.2,0.4
289,Sat Apr 25 15:00:55 +0000 2020,Travis Scott's Encore Concert Fortnite https://t.co/joblsgN7LyTravis Scott Astronomical encore concert #Fortnite… https://t.co/8k0aTL7C0W,0.0,0.0
290,Sat Apr 25 15:00:55 +0000 2020,"RT @RedTR_: 1X Psycho Bundle, 1X Honor Guard,  1X Neo Versa, 3K V-Bucks, 5$ and 1 mystery Box🔥 6 Winners -Must be following: me @RedTR_ ,…",0.0,0.1
291,Sat Apr 25 15:00:58 +0000 2020,Knocked player somehow survives heavy snipe 🤔 #Fortnite https://t.co/cr5bUNGcLG,-0.2,0.5
292,Sat Apr 25 15:00:58 +0000 2020,Day 3 #NoAimAssist #Control #ControllerGang #Fortnite https://t.co/gEKHzLbHcQ,0.0,0.0
293,Sat Apr 25 15:00:59 +0000 2020,Please like subscribe and share ❤️ #Fortnite #FortniteArt #FortniteChapter2 #Fortnitetravisscott #FortniteClips… https://t.co/ffER1vsaRI,0.0,0.0
294,Sat Apr 25 15:00:59 +0000 2020,#جيمرزنيشن جذبت حفلة مغني الراب الأمريكي Travis Scott بلعبة Fortnite أكثر من 12 مليون لاعب شارك بالحفلة ويعتبر ذل… https://t.co/X9MxLBsFsU,0.0,0.0
295,Sat Apr 25 15:01:03 +0000 2020,https://t.co/TTrUnsYMuk #fortnite #fortniteclips #fortniteleaks #fortnitememes #twitch #twitchclips #twitchstreamer https://t.co/93SLu8Niy5,0.0,0.0
296,Sat Apr 25 15:01:04 +0000 2020,RT @ACEsHeCho: Fortniteゲーム実況ダブルエースでビクロイ目指してやります！4/29(水曜日)夜20時ごろ放送します！どうぞご視聴宜しく頼むょ#ONEPIECE#声真似#Fortnite#火拳のエース https://t.co/xc07JpA…,0.0,0.0
297,Sat Apr 25 15:01:05 +0000 2020,RT @ohRampz: I'll give 13.5k V-Bucks(applied) to someone that retweets this Tweet within the next 24hMust be following @SiovoSells+@Surfe…,0.0,0.05
298,Sat Apr 25 15:01:10 +0000 2020,#Fortnite #フォートナイト　#フォートナイト【Fortnite】go for first place with one's broth... https://t.co/hA84XmANdU @YouTubeより#おうち時間#コロナウイルス #在宅#家で過ごそう,0.25,0.3333333333333333
299,Sat Apr 25 15:01:12 +0000 2020,【フォートナイト】皆でいくぜいくぜ！ #fortnite #フォートナイト https://t.co/VraIYXhvhZ,0.0,0.0
300,Sat Apr 25 15:01:16 +0000 2020,RT @Egypt_Kaori: 負けたら棺桶逝きのタイマン場【島コード 4101-0084-7706】#FortniteChapter2 #Fortnite #フォートナイト https://t.co/mjekWfSTGm,0.0,0.0
301,Sat Apr 25 15:01:16 +0000 2020,RT @Egypt_Kaori: 負けたら棺桶逝きのタイマン場【島コード 4101-0084-7706】#FortniteChapter2 #Fortnite #フォートナイト https://t.co/mjekWfSTGm,0.0,0.0
302,Sat Apr 25 15:01:21 +0000 2020,"▶️HOLAAAAP◀️Que sepáis que en 1 horita, tenéis cita en el canal de Wygers para ver este directazo ⬇️… https://t.co/UDIatDm5PH",0.0,0.0
303,Sat Apr 25 15:01:22 +0000 2020,RT @Pooch3255: LIVE https://t.co/I5XzXWi9Fn Playing with The Elite PoochPack Come say Hey! #gamedev #indiedev @ShoutGamers @NightRetweets…,0.17045454545454544,0.5
304,Sat Apr 25 15:01:26 +0000 2020,EN DIRECTO!! #twitch #twitchaffiliate #twitchstreamer  REACCIONANDO AL CUARTO CONCIERTO DE TRAVIS SCOTT!… https://t.co/BHhA32mhs9,0.0,0.0
305,Sat Apr 25 15:01:30 +0000 2020,RT @_Levia_R_MSSP: [ルー]エージェンシーへようこそあなたは優秀な人だと聞いています#Fortnite #Fortnitephotography  #フォートナイト#フォートナイトスクショ https://t.co/QmmMaBGSAY,-0.75,1.0
306,Sat Apr 25 15:01:32 +0000 2020,RT @Egypt_Kaori: 負けたら棺桶逝きのタイマン場【島コード 4101-0084-7706】#FortniteChapter2 #Fortnite #フォートナイト https://t.co/mjekWfSTGm,0.0,0.0
307,Sat Apr 25 15:01:42 +0000 2020,#Fortnite #フォトナ　あれ？0:00分からじゃ？...(右下の時間ご覧ください) https://t.co/LPqlFXNcl0,0.0,0.0
308,Sat Apr 25 15:01:43 +0000 2020,RT @TeamEvolutionE2: N’oubliez pas de vous inscrire à notre #Cup #Fortnite du 04/05 en duo et à 21h ! 👉Mentionne ton duo et rend toi sur…,0.0,0.0
309,Sat Apr 25 15:01:46 +0000 2020,見てね【 #Fortnite】イベントを見てすこしフォートナイトでもしましょうや【生放送】 https://t.co/bdKYiN9XBo @YouTubeより #フォートナイト https://t.co/uyPo6H1uCd,0.0,0.0
310,Sat Apr 25 15:01:53 +0000 2020,RT @Egypt_Kaori: 負けたら棺桶逝きのタイマン場【島コード 4101-0084-7706】#FortniteChapter2 #Fortnite #フォートナイト https://t.co/mjekWfSTGm,0.0,0.0
311,Sat Apr 25 15:01:56 +0000 2020,hmm #tindercancelados BBB vírus bbb20 follow trick #followtrick kpop nsfw bolsonaro foraprior thread sdv paredão mu… https://t.co/to0UKN2nUR,0.0,0.0
312,Sat Apr 25 15:01:57 +0000 2020,RT @Vam0sss_: Clips of the day!! LONG RANGEEEEE!?!?Follow me for more at https://t.co/hIKqLE6XLJ#streamer #smallstreamer #Grinding #fortn…,0.225,0.45
313,Sat Apr 25 15:02:01 +0000 2020,RT @Torakzie: Highlight #4いいねとRTお願いします！！#Fortnite #フォートナイト https://t.co/DiFiAnPAhv,0.0,0.0
314,Sat Apr 25 15:02:01 +0000 2020,"RT @scoutex__: okay hear me out, ghost rippley and shadow sludge?🥺🤍🖤#Fortnite #FortniteArt #FortniteBattleRoyale https://t.co/8irLXrJt7n",0.5,0.5
315,Sat Apr 25 15:02:02 +0000 2020,Chic@s en 3 minutos empieza el concierto!!! Quien se une?? #travisscottfortnite#directo #fortnite https://t.co/mCrzleJ4Xv,0.0,0.0
316,Sat Apr 25 15:02:06 +0000 2020,Menos de 5 minutos para que empiece ASTRONOMICAL con TRAVIS SCOTT#Fortnite,0.0,0.0
317,Sat Apr 25 15:02:13 +0000 2020,RT @Torakzie: Highlight #4いいねとRTお願いします！！#Fortnite #フォートナイト https://t.co/DiFiAnPAhv,0.0,0.0
318,Sat Apr 25 15:02:16 +0000 2020,RT @Fk_15527: [妄想感傷代償連盟]〜音ハメキル集〜いいねRTください！！#Fortnite#フォートナイトキル集 https://t.co/nWSJXhugnr,-0.75,1.0
319,Sat Apr 25 15:02:19 +0000 2020,ワンタイムでいきってきるしてくる馬鹿なに？#Fortnite,0.0,0.0
320,Sat Apr 25 15:02:19 +0000 2020,"Crystal, from Fortnite! 😋#Fortnite #FortniteArt #SixFanart #SixFanartChallenge https://t.co/mbQe7mUHRl",0.0,0.0
321,Sat Apr 25 15:02:24 +0000 2020,RT @Egypt_Kaori: 負けたら棺桶逝きのタイマン場【島コード 4101-0084-7706】#FortniteChapter2 #Fortnite #フォートナイト https://t.co/mjekWfSTGm,0.0,0.0
322,Sat Apr 25 15:02:28 +0000 2020,¡Todo el mundo a verlo YA! 😜👏,0.0,0.0
323,Sat Apr 25 15:02:32 +0000 2020,RT @Egypt_Kaori: 負けたら棺桶逝きのタイマン場【島コード 4101-0084-7706】#FortniteChapter2 #Fortnite #フォートナイト https://t.co/mjekWfSTGm,0.0,0.0
324,Sat Apr 25 15:02:37 +0000 2020,RT @FortniteGameFR: Les rumeurs disent que l'ancienne map de #Fortnite va bientôt faire son grand retour (car on l’apercevrait dans le skin…,0.5,1.0
325,Sat Apr 25 15:02:43 +0000 2020,これがちおもろい笑笑,0.0,0.0
326,Sat Apr 25 15:02:46 +0000 2020,RT @FNNo1_: 【最後のキル集】曲 THE HEYDAZE - ABC既読感覚で♻️と❤️下さい！#フォートナイト#Fortnite https://t.co/WAptFvuSHK,0.0,0.0
327,Sat Apr 25 15:02:47 +0000 2020,"RT @RedTR_: 1X Psycho Bundle, 1X Honor Guard,  1X Neo Versa, 3K V-Bucks, 5$ and 1 mystery Box🔥 6 Winners -Must be following: me @RedTR_ ,…",0.0,0.1
328,Sat Apr 25 15:02:48 +0000 2020,NO AIM ASSIST !!!! #fortnite #aimassist @XTRAGAMlNG @Team_NorCal #freeagent #controllerpc https://t.co/hdDGa2CApv,0.0,0.0
329,Sat Apr 25 15:02:49 +0000 2020,RT @X_JIMO_X: 1 V 4 Fortnite #fortnite #PS4 PROhttps://t.co/qguMrNDeSc https://t.co/GzsicuG2VN,0.0,0.0
330,Sat Apr 25 15:02:49 +0000 2020,RT @Egypt_Kaori: 負けたら棺桶逝きのタイマン場【島コード 4101-0084-7706】#FortniteChapter2 #Fortnite #フォートナイト https://t.co/mjekWfSTGm,0.0,0.0
331,Sat Apr 25 15:02:54 +0000 2020,RT @Egypt_Kaori: 負けたら棺桶逝きのタイマン場【島コード 4101-0084-7706】#FortniteChapter2 #Fortnite #フォートナイト https://t.co/mjekWfSTGm,0.0,0.0
332,Sat Apr 25 15:02:59 +0000 2020,RT @tamady_: PC PAD キル集 「GONG」良かったらいいね&amp;リツイートお願いします🙏フォローもしてくれると嬉しいです😍#Fortnite #フォートナイト https://t.co/pyvcycnQwq,0.0,0.0
333,Sat Apr 25 15:03:03 +0000 2020,ワンタイムでキルしたりするのSwitchキッズばっかやんこの一部の人間でSwitchの評判が悪くなるんだよね～～やられるこっちは何も楽しくない#フォートナイト　#ワンタイム　#Fortnite,0.0,0.0
334,Sat Apr 25 15:03:04 +0000 2020,#フォートナイトまだ伸びて欲しい🥺,0.0,0.0
335,Sat Apr 25 15:03:04 +0000 2020,RT @ohRampz: I'll give 13.5k V-Bucks(applied) to someone that retweets this Tweet within the next 24hMust be following @SiovoSells+@Surfe…,0.0,0.05
336,Sat Apr 25 15:03:05 +0000 2020,RT @Pooch3255: LIVE https://t.co/I5XzXWi9Fn Playing with The Elite PoochPack Come say Hey! #gamedev #indiedev @ShoutGamers @NightRetweets…,0.17045454545454544,0.5
337,Sat Apr 25 15:03:05 +0000 2020,All I can hear is the kids going crazy on #Fortnite for some dude called #TravisScott The stage is calling 😂😂Countdown has started 😂,-0.6,0.9
338,Sat Apr 25 15:03:10 +0000 2020,🔴concert de #TravisScott #Fortnite fortnite en direct sur mon twitch https://t.co/wp5fiDnMzd,0.1,0.4
339,Sat Apr 25 15:03:10 +0000 2020,アイコニック導入 4000円！→PS4アカウントに追加可能！←当方が良い理由実績多数で詐欺無し全て実機導入なので削除の心配無し！代行時間が早い！ DMまでご連絡ください！#Fortnite #フォートナイト,0.0,0.0
340,Sat Apr 25 15:03:12 +0000 2020,Lol can’t wait to check this out! #Fortnite #travisscottfortnite https://t.co/NltcZpaDue,1.0,0.7
341,Sat Apr 25 15:03:14 +0000 2020,#LoveWinsAll is now streaming #Fortnite https://t.co/8CXkPMSgsy,0.0,0.0
342,Sat Apr 25 15:03:14 +0000 2020,imagine dating online over here man,0.0,0.0
343,Sat Apr 25 15:03:14 +0000 2020,#jackboy12359 is now streaming #Fortnite https://t.co/881FpJCVAR,0.0,0.0
344,Sat Apr 25 15:03:15 +0000 2020,RT @Sankabo4: ASTRO JACK☄💫🌌 #FortniteArt #フォートナイトイラスト  #astronomical https://t.co/e1SlNLYhD9,0.0,0.0
345,Sat Apr 25 15:03:24 +0000 2020,RT @Egypt_Kaori: 負けたら棺桶逝きのタイマン場【島コード 4101-0084-7706】#FortniteChapter2 #Fortnite #フォートナイト https://t.co/mjekWfSTGm,0.0,0.0
346,Sat Apr 25 15:03:25 +0000 2020,RT @cris_soriano94: ¡Todo el mundo a verlo YA! 😜👏,0.0,0.0
347,Sat Apr 25 15:03:31 +0000 2020,RT @Sankabo4: ASTRO JACK☄💫🌌 #FortniteArt #フォートナイトイラスト  #astronomical https://t.co/e1SlNLYhD9,0.0,0.0
348,Sat Apr 25 15:03:38 +0000 2020,Bueno al menos valió la pena quedarse despierto hasta las 5 de la mañana xD #fortnite #event https://t.co/DrVOZjZJOk,0.0,0.0
349,Sat Apr 25 15:03:38 +0000 2020,Just something to stay active·······#forzahorizon4 #forza #forzaphotography #forzashare #forzahorizon… https://t.co/GLQyVRadbf,0.0,0.0
350,Sat Apr 25 15:03:44 +0000 2020,RT @Egypt_Kaori: 負けたら棺桶逝きのタイマン場【島コード 4101-0084-7706】#FortniteChapter2 #Fortnite #フォートナイト https://t.co/mjekWfSTGm,0.0,0.0
351,Sat Apr 25 15:03:44 +0000 2020,"Au programme @TwitchFR aujourd'hui. Petit tour sur #Fortnite pour découvrir le show de Travis Scoot, #Astronomical… https://t.co/fjNhY3mtrs",0.0,0.0
352,Sat Apr 25 15:03:47 +0000 2020,"ugh im making a fortnite roleplay gc , drop ya @ in the comments if u wanna join. #FNRP #Fortniteroleplay… https://t.co/PukdWpWfsX",0.0,0.0
353,Sat Apr 25 15:04:01 +0000 2020,Fortnite配信します流し見程度に見に来てください#Fortnite#実況#クレープ食べたい,0.0,0.0
354,Sat Apr 25 15:04:04 +0000 2020,RT @AxooFTN: #CONCOURS 🎁Tente de gagner un Honor Guard 🤩#FortnitePour participer il faut : ~ #RT ce tweet ♻️~ Follow :@AxooFTN + @A…,0.0,0.0
355,Sat Apr 25 15:04:05 +0000 2020,#Burrra #meme #memes #funny #dankmemes #memesdaily #funnymemes #lol #dank #like #follow #humor #dankmeme #lmao… https://t.co/jnDpsdeVng,0.525,0.85
356,Sat Apr 25 15:04:06 +0000 2020,I have no idea how this gameplay works. #Astronomical #Fortnite,0.0,0.0
357,Sat Apr 25 15:04:06 +0000 2020,What should I stream today? @TwitchTVGaming #twitchtv #twitchstream #twitchaffiliate #mixer… https://t.co/skWIjK0Bdp,0.0,0.0
358,Sat Apr 25 15:04:06 +0000 2020,RT @haiguretamao: はじまるぞおおおおお！！！CrazyRaccoonさんのライブ配信を視聴中：「Crazy Raccoon Cup」 https://t.co/0lspSh9X5l #FORTNITE,0.0,0.0
359,Sat Apr 25 15:04:07 +0000 2020,RT @giroostar: 📢 Ich bin 🔴 LIVE auf  !  https://t.co/7kIV4CUryx  #supportsmallstreamers #twitch #youtube #live #video #streaming #playing #…,0.15340909090909088,0.5
360,Sat Apr 25 15:04:07 +0000 2020,RT @Candy__Spice: 🪐 Fortnite | Astronomical ☄️ Event by Travis Scott ✨@FortniteGame #Fortnite #FortniteChapter2 #TravisScott #travisscot…,0.0,0.0
361,Sat Apr 25 15:04:10 +0000 2020,"Salut les gars, je viens faire la pub de ma chaîne youtube, je fais des best of droles, funny moments. Voici le lie… https://t.co/y8NhUDn13w",0.625,0.65
362,Sat Apr 25 15:04:11 +0000 2020,RT @Egypt_Kaori: 負けたら棺桶逝きのタイマン場【島コード 4101-0084-7706】#FortniteChapter2 #Fortnite #フォートナイト https://t.co/mjekWfSTGm,0.0,0.0
363,Sat Apr 25 15:04:13 +0000 2020,Gonna go to the event again with @StrongAsStorm @Connor_Smoke1 and @THELiamMercer #Fortnite #travisscottfortnite,0.0,0.0
364,Sat Apr 25 15:04:14 +0000 2020,いべんとだけ！ / #フォートナイト #Fortnite まったり！ https://t.co/iqynbpJ7QG,0.0,0.0
365,Sat Apr 25 15:04:22 +0000 2020,Tercer evento que veo de Travis Scott y primero con esta skin. #Fortnite https://t.co/iItLScQaiL,0.0,0.0
366,Sat Apr 25 15:04:23 +0000 2020,RT @Candy__Spice: 🪐 Fortnite | Astronomical ☄️ Event by Travis Scott ✨@FortniteGame #Fortnite #FortniteChapter2 #TravisScott #travisscot…,0.0,0.0
367,Sat Apr 25 15:04:23 +0000 2020,Gear Specialist Maya Gameplay https://t.co/U5aA6I9ECh putem korisnika @YouTube#fortnite #fortniteclips #memes #ps… https://t.co/KSrgVhK5NY,0.0,0.0
368,Sat Apr 25 15:04:30 +0000 2020,RT @fn_dimlight__: はいかわいい描く〜ってなってかいた#Fortnite #FortniteArt https://t.co/BzbQQZvmOh,0.0,0.0
369,Sat Apr 25 15:04:32 +0000 2020,RT @Egypt_Kaori: 負けたら棺桶逝きのタイマン場【島コード 4101-0084-7706】#FortniteChapter2 #Fortnite #フォートナイト https://t.co/mjekWfSTGm,0.0,0.0
370,Sat Apr 25 15:04:33 +0000 2020,RT @KRENAICOMMUNITY: 後4人ほどFortnite designerを募集したいと思います！条件・デザインをやっている方・モチベが高い方・in率が高い方#拡散希望　#拡散希望RTお願いします#Fortnite #フォートナイト　#Fortnited…,0.0,0.0
371,Sat Apr 25 15:04:44 +0000 2020,RT @Egypt_Kaori: 負けたら棺桶逝きのタイマン場【島コード 4101-0084-7706】#FortniteChapter2 #Fortnite #フォートナイト https://t.co/mjekWfSTGm,0.0,0.0
372,Sat Apr 25 15:04:45 +0000 2020,時間切れでハート作れなかったっぽい😂笑#Fortnite#フォートナイト https://t.co/eVE0uiWMYG,0.0,0.0
373,Sat Apr 25 15:04:49 +0000 2020,Yo I’m streaming the @trvisXX event live now on @Twitch!! Find me danii_film to watch now #gamergirl #fortnitw #Astronomical,0.2130681818181818,0.5
374,Sat Apr 25 15:04:50 +0000 2020,I got on top of the concert this time! #Astronomical @FortniteGame https://t.co/3YcEp1nlLK,0.625,0.5
375,Sat Apr 25 15:04:55 +0000 2020,RT @Egypt_Kaori: 負けたら棺桶逝きのタイマン場【島コード 4101-0084-7706】#FortniteChapter2 #Fortnite #フォートナイト https://t.co/mjekWfSTGm,0.0,0.0
376,Sat Apr 25 15:04:57 +0000 2020,RT @giroostar: 📢 Ich bin 🔴 LIVE auf  !  https://t.co/7kIV4CUryx  #supportsmallstreamers #twitch #youtube #live #video #streaming #playing #…,0.15340909090909088,0.5
377,Sat Apr 25 15:04:58 +0000 2020,RT @Inception_org: Inception Esports is looking for solo @FortniteGame players!! We have a ton of benefits for playing here! Come check us…,0.0,0.0
378,Sat Apr 25 15:05:04 +0000 2020,RT @kosuke_saiore: 投稿！久しぶりの動画投稿！やっぱりフォトナっしょ！【史上最高】今回のワンタイムイベントはマジでみんなみたほうがいい。【#FORTNITE/#フォートナイト】#TRAVISSCOTT https://t.co/SseMSoKoujこの…,0.0,0.0
379,Sat Apr 25 15:05:05 +0000 2020,3 time watching this 😌😌 #Fortnite #TravisScott https://t.co/XauX1ekSxV,0.0,0.0
380,Sat Apr 25 15:05:05 +0000 2020,RT @Egypt_Kaori: 負けたら棺桶逝きのタイマン場【島コード 4101-0084-7706】#FortniteChapter2 #Fortnite #フォートナイト https://t.co/mjekWfSTGm,0.0,0.0
381,Sat Apr 25 15:05:12 +0000 2020,Handmade #Astronomical #Prague wooden clock #SpecialGift #Art - WorldwideShipping  (Free Shipping)-… https://t.co/2x2vYT4gbr,0.2,0.4
382,Sat Apr 25 15:05:18 +0000 2020,RT @Egypt_Kaori: 負けたら棺桶逝きのタイマン場【島コード 4101-0084-7706】#FortniteChapter2 #Fortnite #フォートナイト https://t.co/mjekWfSTGm,0.0,0.0
383,Sat Apr 25 15:05:22 +0000 2020,Let's go! #Fortnitetravisscott #Fortnite ❤️❤️❤️❤️❤️ https://t.co/hRlJMr9oMt,0.0,0.0
384,Sat Apr 25 15:05:23 +0000 2020,"RT @RedTR_: 1X Psycho Bundle, 1X Honor Guard,  1X Neo Versa, 3K V-Bucks, 5$ and 1 mystery Box🔥 6 Winners -Must be following: me @RedTR_ ,…",0.0,0.1
385,Sat Apr 25 15:05:23 +0000 2020,@DisruptabIe Facts they always complaining about aim assist 😒 #fortnite,0.0,0.0
386,Sat Apr 25 15:05:24 +0000 2020,Travis Scott Event live auf Twitchhttps://t.co/VNlcAAWtCQ#fortnite #TravisScott #twitch,0.13636363636363635,0.5
387,Sat Apr 25 15:05:24 +0000 2020,#fortnite koncert. https://t.co/aSKTV3gYGs,0.0,0.0
388,Sat Apr 25 15:05:27 +0000 2020,#TravisScott is about to preform on Fortnite,0.0,0.0
389,Sat Apr 25 15:05:27 +0000 2020,&lt;定期3&gt;オナーガード仕入先セット内容:オナーガードセット相場:3000～5000円※直接サイトから買えない場合私のDMでプリペイドカードでの販売を実施してます!#Fortnite #フォートナイト #フォートナイト販売https://t.co/84ZPDqVb5j,0.0,0.0
390,Sat Apr 25 15:05:30 +0000 2020,#サイコバンドル販売 amお値段・4000円当店は❏#迅速な対応❏ #未成年の方でも安心❏ #実績が多数あり安心購入or相談などはDMまで#業者最安値 #Fortnite #フォートナイト… https://t.co/Q6MqRuBCqp,0.0,0.0
391,Sat Apr 25 15:05:32 +0000 2020,RT @ryomaoda77777: 豆柴のいるおえかきの森ライブｗ【おえかきの森】豆柴犬のいるおえかきルンルン参加型♪ 龍馬の絵心ない画伯 第５回https://t.co/8EW1Q6sS2U#家にいよう#実況プレイ#Fortnite#うちで過ごそう#参加募集…,0.0,0.0
392,Sat Apr 25 15:05:33 +0000 2020,Check out this Fortnite clip I recorded with https://t.co/51Bdzy68OG! #Fortnite🔗 https://t.co/5MUiE6Dbkf,0.0,0.0
393,Sat Apr 25 15:05:36 +0000 2020,そういやイベント参加出来た。今どきのゲームすげーな！ #PS4share #fortnite＃fortnite＃fortnite https://t.co/Eg5G2pdzVd,0.0,0.0
394,Sat Apr 25 15:05:41 +0000 2020,Travis Scott Fortnite Concert Live only at https://t.co/FVJvM6n8qA #Fortnite #TravisScott #travisscottfortnite… https://t.co/QXHDoW1jo8,0.06818181818181818,0.75
395,Sat Apr 25 15:05:43 +0000 2020,RT @3OTHFb5zJyxsLwy: Fortnite配信します流し見程度に見に来てください#Fortnite#実況#クレープ食べたい,0.0,0.0
396,Sat Apr 25 15:05:44 +0000 2020,Finally catching this TRAVIS Scott show #Fortnite,0.6,0.9
397,Sat Apr 25 15:05:44 +0000 2020,Concerto virtuale di Travis Scott su Fortnite 🧐sarà questo il futuro? #music #Fortnitecreative #Fortnite #TravisScott #travisscottfortnite,0.0,0.0
398,Sat Apr 25 15:05:47 +0000 2020,Go! #ASTRONOMICAL #Fortnite #PS4share https://t.co/g6EJbFm9eI,0.0,0.0
399,Sat Apr 25 15:05:49 +0000 2020,RT @Sow6De: #CONCOURS #FORTNITE💰🎁Tente de gagner le skin #TravisScott de la boutique #Fortnite ! 🤩🎁Pour participer il faut : -#RT ce t…,0.0,0.0
400,Sat Apr 25 15:05:50 +0000 2020,RT @GRK_SHOP: ■【フォートナイト正規垢買取】■69▪︎飽きてしまった方や、辞める方など使わない正規垢がありましたら買取させていただきます。【検索用】#フォートナイト#Fortnite#フォートナイトギフト#フォートナイト女子 #フォートナイト大会…,0.0,0.0
401,Sat Apr 25 15:05:50 +0000 2020,RT @Egypt_Kaori: 負けたら棺桶逝きのタイマン場【島コード 4101-0084-7706】#FortniteChapter2 #Fortnite #フォートナイト https://t.co/mjekWfSTGm,0.0,0.0
402,Sat Apr 25 15:05:51 +0000 2020,RT @Egypt_Kaori: 負けたら棺桶逝きのタイマン場【島コード 4101-0084-7706】#FortniteChapter2 #Fortnite #フォートナイト https://t.co/mjekWfSTGm,0.0,0.0
403,Sat Apr 25 15:05:51 +0000 2020,RT @AfricanGaming: 📺 Catch the #MythicRoyale #Fortnite finale live from 18h30 and you could #win a Crucial External SSD valued at R3500!✅…,0.2340909090909091,0.5
404,Sat Apr 25 15:05:51 +0000 2020,RT @lokk_9: ماشفته وهو راقي الدرج بس لقمته بالونق خليته يصيح !!🔥🔥                                         #ApexLedgends…,0.0,0.0
405,Sat Apr 25 15:05:53 +0000 2020,"❗❗💸💸💸💸💸 TIRED OF BEING BROKE OR LIVING CHECK TO CHECK , HMU 📲 💸💯 NEED MONEY FOR: BILLS, CAR NOTE, RENT ect. HMU 30-… https://t.co/z5f2fil0kF",-0.4,0.7
406,Sat Apr 25 15:05:54 +0000 2020,ITS HAPPENING #Fortnite #XboxShare https://t.co/o09leXT2FF,0.0,0.0
407,Sat Apr 25 15:05:58 +0000 2020,RT @BuzzSlayerUK: 🔥 GIVEAWAY GeForce RTX 2080 Super🔥Follow These Steps- RT- Tag Lots Of Friends- Follow Us @BuzzSlayerUK 🔥Bonus Entr…,0.0,0.0
