tweet_count,created_at,text,polarity,subjectivity
827,Sat Apr 25 15:20:00 +0000 2020,Watched the whole event! Amazing experience!! #Fortnite #ThankYouEpicGames,0.59375,0.65
828,Sat Apr 25 15:20:01 +0000 2020,RT @056211: 🌸取扱中のコード🌸【定期4】◆オナーガード　　　　　　3000円◆サイコバンドル　　　　　4000円◆ローグスパイダーナイト　4000円　　　　　　　　　（代行+1000円）#サイコバンドル#オナーガード#ローグスパイダーナイト#…,0.0,0.0
829,Sat Apr 25 15:20:01 +0000 2020,"RT @HypeeDZN: ""Sicko Mode""-Rendered in Eevee-After seeing so many incredible travis scott piece, i thought id go and make one myself. L…",0.7,0.7
830,Sat Apr 25 15:20:02 +0000 2020,WowSecond time I've watched it and it hasn't got boring yet. Absolutely incredible.#Fortnite,-0.4,0.95
831,Sat Apr 25 15:20:03 +0000 2020,RT @Egypt_Kaori: 負けたら棺桶逝きのタイマン場【島コード 4101-0084-7706】#FortniteChapter2 #Fortnite #フォートナイト https://t.co/mjekWfSTGm,0.0,0.0
832,Sat Apr 25 15:20:05 +0000 2020,#NintendoSwitch　#Fortnite足の中なう https://t.co/ftNdsNnsBx,0.0,0.0
833,Sat Apr 25 15:20:05 +0000 2020,That Travis Scott event in #fortnite was disappointing 🙄 a planet moved a bit and Travis Scott did some dancing to… https://t.co/7djzzyK29e,-0.6,0.7
834,Sat Apr 25 15:20:06 +0000 2020,"RT @RedTR_: 1X Psycho Bundle, 1X Honor Guard,  1X Neo Versa, 3K V-Bucks, 5$ and 1 mystery Box🔥 6 Winners -Must be following: me @RedTR_ ,…",0.0,0.1
835,Sat Apr 25 15:20:09 +0000 2020,RT @tattin_07: 依頼絵終わりました(*´з`)よかったら見てください！#Fortnite #FortniteArt#フォートナイト#フォートナイトイラスト https://t.co/8g98dSidTd,0.0,0.0
836,Sat Apr 25 15:20:10 +0000 2020,#Fortnite #XboxShare https://t.co/eOKKt5u1LF,0.0,0.0
837,Sat Apr 25 15:20:12 +0000 2020,"Schau grad mit den Kids das #TravisScott (?) Konzert auf #Fortnite ... zählt das als ""was Neues lernen""?",0.0,0.0
838,Sat Apr 25 15:20:13 +0000 2020,#フォートナイト #Fortnite#ワンタイムイベント https://t.co/WuX7sMpph3,0.0,0.0
839,Sat Apr 25 15:20:13 +0000 2020,"Wie jedes von den 4 Event's, wieder mal absolut geil! :D #Fortnite #ThankYouEpicGames",1.0,1.0
840,Sat Apr 25 15:20:13 +0000 2020,@FortniteFR #fortnite #Fortnitetravisscott https://t.co/0sFKwlKA7T,0.0,0.0
841,Sat Apr 25 15:20:15 +0000 2020,Con hijos viendo recital virtual de Travis Scott en #Fortnite.  Se conectaron Se conectan +10 millones. Increíble c… https://t.co/m2Sa7hoUdC,0.0,0.0
842,Sat Apr 25 15:20:16 +0000 2020,O Evento Astronomical foi desativado. #Fortnite,0.0,0.0
843,Sat Apr 25 15:20:17 +0000 2020,RT @Egypt_Kaori: 負けたら棺桶逝きのタイマン場【島コード 4101-0084-7706】#FortniteChapter2 #Fortnite #フォートナイト https://t.co/mjekWfSTGm,0.0,0.0
844,Sat Apr 25 15:20:19 +0000 2020,Travis konserine de gitmedik demeyiz thx #Fortnite #FortniteArt #Fortnitetravisscott,0.0,0.0
845,Sat Apr 25 15:20:20 +0000 2020,RT @Sweazyleaks: @FortniteGame https://t.co/ljKtKQELR7,0.0,0.0
846,Sat Apr 25 15:20:22 +0000 2020,De retour à l'évent Astronomical avec le coupin#NintendoSwitch #Fortnite #EpicGames https://t.co/99TWAA6BW3,0.0,0.0
847,Sat Apr 25 15:20:25 +0000 2020,■【フォートナイト正規垢買取】■2▪︎飽きてしまった方や、辞める方など使わない正規垢がありましたら買取させていただきます。【検索用】#フォートナイト#Fortnite#フォートナイト垢販売#フォートナイトギフト… https://t.co/WtYPSxRAxf,0.0,0.0
848,Sat Apr 25 15:20:26 +0000 2020,RT @PlutoV2YT: Like this tweet if your awake rn. I wanna send someone a gift from the Fortnite Item Shop right now 👀🎁#Fortnite,0.2857142857142857,0.5357142857142857
849,Sat Apr 25 15:20:27 +0000 2020,"Earn free money, free V-bucks and free amazon vouchers. Click the link --&gt; https://t.co/tdStkND5s7#fortnite #earnfreemoney #amazon",0.4000000000000001,0.8000000000000002
850,Sat Apr 25 15:20:31 +0000 2020,RT @Soju77777: 相互フォロー約束します！！[お願い]この垢をフォローこのツイートをRT[お返し]フォロバ#Fortnite#フォートナイト#フォロバ100#フォロバ#固定RT #固定ツイートRT#フォロバ100パーセント #フォローし…,0.0,0.0
851,Sat Apr 25 15:20:32 +0000 2020,#fortnite #PS4share found a banging tune on fortnitehttps://t.co/U5NDI67cGb https://t.co/bCvee0HYAr,0.0,0.0
852,Sat Apr 25 15:20:33 +0000 2020,"#ThisWeek in Apps: #Facebook takes on #Houseparty, #Fortnite comes to #GooglePlay, contact tracing API –… https://t.co/jKciZYJ4QD",0.0,0.0
853,Sat Apr 25 15:20:40 +0000 2020,fortniteのワンタイムイベントめっちゃ凄かった！！epicさんマジで感謝です🙇‍♀️#fortnite,0.0,0.0
854,Sat Apr 25 15:20:40 +0000 2020,RT @Dioxyy_: Tirage de ce concours a 20h40 🥴,0.0,0.0
855,Sat Apr 25 15:20:41 +0000 2020,RT @Egypt_Kaori: 負けたら棺桶逝きのタイマン場【島コード 4101-0084-7706】#FortniteChapter2 #Fortnite #フォートナイト https://t.co/mjekWfSTGm,0.0,0.0
856,Sat Apr 25 15:20:41 +0000 2020,RT @Sweazyleaks: What event was better for you? #Fortnite Like= marshmello Retweet = Travis scott https://t.co/k2nriWfHKH,0.5,0.5
857,Sat Apr 25 15:20:43 +0000 2020,RT @steph_fvl: Personne:Marshmello quand il a vu l’event Fortnite de Travis Scott:#Fortnite #StayHome https://t.co/bY6qq7E1Fs,0.0,0.0
858,Sat Apr 25 15:20:44 +0000 2020,RT @los4delataberna: Empezamos unas partidas de risas disfrutad del directo #Streamloots #Nuevoscofres #Fortnite #Risas #Sontandocartas  ht…,0.0,0.0
859,Sat Apr 25 15:20:45 +0000 2020,#apoieoinsider #PS4share #Fortinte #Travisscott @TrvisXX @insider_Fortnhttps://t.co/Tdu86qzFHP https://t.co/jSqvFkSl41,0.0,0.0
860,Sat Apr 25 15:20:48 +0000 2020,"RT @neoprime12: (PC)Saturday Fortnite!!! Welcome to primetime, Im live!! lets get 200 followers tonight!!!! https://t.co/aC0SvQlZ5Y#fortni…",0.10672866358901516,0.7999999999999999
861,Sat Apr 25 15:20:48 +0000 2020,Fortniteでいい瞬間スイッチで画面スクショしてiPhoneで撮る！#フォートナイト #Fortnite #ワンタイムイベント#拡散希望 https://t.co/gnnUcrxrE9,0.0,0.0
862,Sat Apr 25 15:20:49 +0000 2020,RT @ogfortnitemap: Day 1: posting this until Fortnite gets the old map back. #fortnite https://t.co/xE3EFB0uAC,0.05,0.1
863,Sat Apr 25 15:20:50 +0000 2020,RT @izr1i: I don’t really like #Fortnite but this is LIT🔥 #travisscott #TravisScott https://t.co/Iee1WzznMw,0.2,0.2
864,Sat Apr 25 15:20:50 +0000 2020,"RT @OzurianArt: Crystal, from Fortnite! 😋#Fortnite #FortniteArt #SixFanart #SixFanartChallenge https://t.co/mbQe7mUHRl",0.0,0.0
865,Sat Apr 25 15:20:52 +0000 2020,#Fortnite #XboxShare https://t.co/UgRjQ43Qnx,0.0,0.0
866,Sat Apr 25 15:20:54 +0000 2020,RT @Egypt_Kaori: 負けたら棺桶逝きのタイマン場【島コード 4101-0084-7706】#FortniteChapter2 #Fortnite #フォートナイト https://t.co/mjekWfSTGm,0.0,0.0
867,Sat Apr 25 15:20:54 +0000 2020,FORTNITE AND GTA 5 MODDED ACCOUNTS FOR SALE!!!! 🔥🔥🔥🔥🔥 BEST PRICES OUT THERE 🔥🔥🔥🔥🔥🔥 #Fortnite #fortniteaccount  #GTAV #GTAOnline,1.0,0.3
868,Sat Apr 25 15:20:55 +0000 2020,"By the way, the last live showing for #ASTRONOMICAL is tonight at 6pm EDT. Here is my story on it. https://t.co/FiEZf7ypaJ",0.06818181818181818,0.2833333333333333
869,Sat Apr 25 15:20:56 +0000 2020,#PS4share #Fortnite Astronomical Event https://t.co/UIPs3RsIZc,0.0,0.0
870,Sat Apr 25 15:20:57 +0000 2020,RT @Egypt_Kaori: 負けたら棺桶逝きのタイマン場【島コード 4101-0084-7706】#FortniteChapter2 #Fortnite #フォートナイト https://t.co/mjekWfSTGm,0.0,0.0
871,Sat Apr 25 15:20:56 +0000 2020,RT @ForeverAngry3: #bringbacktheoldmap#Fortnite,0.0,0.0
872,Sat Apr 25 15:21:01 +0000 2020,RT @Nyansuke_SW: ワンタイム3回目～(今日の昼は見れなかった)途中で落ちちゃったから焦ったわww  #fortnite https://t.co/lBO0sjAYKf,0.0,0.0
873,Sat Apr 25 15:21:01 +0000 2020,あれ?ワンタイムで時空ゆがんだ？#fortnite #フォートナイト https://t.co/g65RKG7hEH,0.0,0.0
874,Sat Apr 25 15:21:02 +0000 2020,This was lit!!! #travisscott #fortnite #astronomical #PS4sharehttps://t.co/vUUbC1DOJd https://t.co/TiGAOgRhBk,0.0,0.0
875,Sat Apr 25 15:21:02 +0000 2020,#fortnite i was witt the live event with my friend first place we tought that we couldnt be there cuz of glitches b… https://t.co/YhZyuTD3z9,0.19318181818181818,0.41666666666666663
876,Sat Apr 25 15:21:04 +0000 2020,RT @blue123_FN: すごくすごかった#Fortnite #フォートナイト #ワンタイムイベント https://t.co/DBg4NXnMit,0.0,0.0
877,Sat Apr 25 15:21:05 +0000 2020,@PostMalone please do a event concert on Fortnite 😫❤️ @FortniteGame #Fortnite #fortniteevent #PostMalone #post,0.0,0.0
878,Sat Apr 25 15:21:07 +0000 2020,RT @wexsports_: 🎁 #SORTEO Sorteo 2 Skins Travis Scott para #Fortnite Requisitos:Dar RT al Twitt🔁Seguirnos +Dar❤️ al TwittMucha sue…,0.0,0.0
879,Sat Apr 25 15:21:08 +0000 2020,RT @B_o_n_c_h_a_n: リアル脱出ゲームをオリジナル要素を含めて作りました。廃屋敷が舞台となっています。謎を解きあかし脱出してください。3人以上でプレイしてください！(いきなりすいません)コード: 1863-6047-6083#フォートナイト#FORT…,0.0,0.0
880,Sat Apr 25 15:21:08 +0000 2020,RT @Street___Shop: 【プレゼント企画中です🎁】10名当選で 残り2日です！参加希望の方は下のツイートをご覧下さい🔥#プレゼント企画#プレゼントキャンペーン#Travisプレゼント#travis #travisscott#sneaker #ス…,0.0,0.0
881,Sat Apr 25 15:21:10 +0000 2020,#NintendoSwitch que clase de EDC es esto #fortnite https://t.co/TIBDzY5VDE,0.0,0.0
882,Sat Apr 25 15:21:11 +0000 2020,You could call me cracked #makefortnitebetter #Fortnite #contentcreator #cc #contentcreator #streamer #twitch #100t… https://t.co/VmHQOsl7YD,0.0,0.0
883,Sat Apr 25 15:21:13 +0000 2020,"Os Modos Solos, Duos, Squads e Equipe Tumulto foram Reativados. #Fortnite",0.0,0.0
884,Sat Apr 25 15:21:14 +0000 2020,RT @ToshiOwO: fortniteのワンタイムイベントめっちゃ凄かった！！epicさんマジで感謝です🙇‍♀️#fortnite,0.0,0.0
885,Sat Apr 25 15:21:17 +0000 2020,Hoy si lo conseguí ver otra vez y me gusta como la primera vez. ¿Vosotros cuantas veces lo habéis visto? #Fortnite https://t.co/sBfD9cQzam,0.0,0.0
886,Sat Apr 25 15:21:17 +0000 2020,RT @WritinRevRog77: LaFlame getting new fans @trvisXX #Fortnite #TravisScott #GamingNews #gaming #HipHopMusic @noonkster2 https://t.co/k68R…,0.13636363636363635,0.45454545454545453
887,Sat Apr 25 15:21:20 +0000 2020,"Llama with sunglasses, machine embroidery design, instant download, hus, pes, pec, Jef, dst, vp3… https://t.co/DybU4hRahk",0.0,0.6666666666666666
888,Sat Apr 25 15:21:20 +0000 2020,何回見てもたまらん#Fortnite https://t.co/upEwaep1rG,0.0,0.0
889,Sat Apr 25 15:21:20 +0000 2020,AstronomicalPic by: @LazarLeaks #fortnite https://t.co/0qORQfzBJq,0.0,0.0
890,Sat Apr 25 15:21:20 +0000 2020,Só eu que não canso de ver o evento do Travis Scott no fortinite?#fortinite #TravisScott #travisscottfortnite #FortniteBR,0.0,0.0
891,Sat Apr 25 15:21:21 +0000 2020,RT @SizzyLeaks: What`s map is better?Chapter 2 - LikeChapter 1 - Retweet #Fortnite  #Fortniteleaks https://t.co/gztgmcf5ZT,0.0,0.0
892,Sat Apr 25 15:21:21 +0000 2020,wwwhttps://t.co/kPzxRnmVXH,0.0,0.0
893,Sat Apr 25 15:21:22 +0000 2020,RT @DramaCorn62: Happy Saturday! WE LIVE!👀🥳FORTNITE CUSTOM GAMES STARTING NOW! Going to watch the event first and then we’re jumping strai…,0.4166666666666667,0.4777777777777778
894,Sat Apr 25 15:21:22 +0000 2020,RT @jintaso666: ル～♪#Fortnite #FortniteArt #フォートナイトアート https://t.co/pHAyBVPa9F,0.0,0.0
895,Sat Apr 25 15:21:23 +0000 2020,RT @DELTAGG058: こんばんわ❗️本日のCRCUP出場者さんお疲れ様でした😁そして、6000人フォロワー突破致しました😁リプに応援メッセージお願い致しますリプの中から1名様に6000円アマギフをプレゼントさせていただきます😆ではお待ちしております🤲#…,0.0,0.0
896,Sat Apr 25 15:21:23 +0000 2020,RT @vilkas1933: #PS4share #Fortnite Astronomical Event https://t.co/UIPs3RsIZc,0.0,0.0
897,Sat Apr 25 15:21:24 +0000 2020,RT @ribletbrickhou1: If you cashapp me any amount of money I can multiply it by 0 $bruh6197 #CashAppFriday #cashapp #Cashappblessing #casha…,0.0,0.0
898,Sat Apr 25 15:21:24 +0000 2020,#Fortnite Old Map https://t.co/j9t2BfAWpC,0.1,0.2
899,Sat Apr 25 15:21:24 +0000 2020,RT @DELTAGG058: こんばんわ❗️本日のCRCUP出場者さんお疲れ様でした😁そして、6000人フォロワー突破致しました😁リプに応援メッセージお願い致しますリプの中から1名様に6000円アマギフをプレゼントさせていただきます😆ではお待ちしております🤲#…,0.0,0.0
900,Sat Apr 25 15:21:26 +0000 2020,RT @Egypt_Kaori: 負けたら棺桶逝きのタイマン場【島コード 4101-0084-7706】#FortniteChapter2 #Fortnite #フォートナイト https://t.co/mjekWfSTGm,0.0,0.0
901,Sat Apr 25 15:21:27 +0000 2020,My son finally got to experience the Travis Scott event just now. Hes upstairs sweating jumpin around having a good… https://t.co/NvGz2tz6Kj,0.0,1.0
902,Sat Apr 25 15:21:27 +0000 2020,ライブ凄かった、、、！#fortnite https://t.co/OAzH3W4iuC,0.0,0.0
903,Sat Apr 25 15:21:28 +0000 2020,子供達とFortniteのワンタイムイベントへ行ってきた😀#Fortnite #StayHome https://t.co/oj4ZnOAfKB,0.0,0.0
904,Sat Apr 25 15:21:29 +0000 2020,«クランアイコン・ヘッダー作ります»固ツイリプ見て！実績20です！！【条件】・固ツイにいいね👍🏼とRT✍・@orca_shaci 🐬をフォロー・DMでクラン名を送ってください🙇‍♂️依頼待ってます😘… https://t.co/iaJKYIQ7zt,0.0,0.0
905,Sat Apr 25 15:21:29 +0000 2020,RT @Sankabo4: ASTRO JACK☄💫🌌 #FortniteArt #フォートナイトイラスト  #astronomical https://t.co/e1SlNLYhD9,0.0,0.0
906,Sat Apr 25 15:21:30 +0000 2020,I haven't played #Fortnite in over a year but I downloaded it onto my Nintendo Switch just to watch the… https://t.co/bXZeFVdoaJ,0.0,0.0
907,Sat Apr 25 15:21:30 +0000 2020,RT @Sankabo4: ASTRO JACK☄💫🌌 #FortniteArt #フォートナイトイラスト  #astronomical https://t.co/e1SlNLYhD9,0.0,0.0
908,Sat Apr 25 15:21:30 +0000 2020,4to evento de travis scott en #Fortnite completado XdVamos por el 5t0,0.0,0.0
909,Sat Apr 25 15:21:31 +0000 2020,RT @ImEntoYT: Hoy si lo conseguí ver otra vez y me gusta como la primera vez. ¿Vosotros cuantas veces lo habéis visto? #Fortnite https://t.…,0.0,0.0
910,Sat Apr 25 15:21:31 +0000 2020,RT @Egypt_Kaori: 負けたら棺桶逝きのタイマン場【島コード 4101-0084-7706】#FortniteChapter2 #Fortnite #フォートナイト https://t.co/mjekWfSTGm,0.0,0.0
911,Sat Apr 25 15:21:33 +0000 2020,RT @Egypt_Kaori: 負けたら棺桶逝きのタイマン場【島コード 4101-0084-7706】#FortniteChapter2 #Fortnite #フォートナイト https://t.co/mjekWfSTGm,0.0,0.0
912,Sat Apr 25 15:21:36 +0000 2020,My 10 year old loved every minute of the @trvisXX event on @FortniteGame. Brilliant idea. #TravisScott #Fortnite… https://t.co/AjalShVeOQ,0.5666666666666667,0.6666666666666666
913,Sat Apr 25 15:21:37 +0000 2020,"RT @RedTR_: 1X Psycho Bundle, 1X Honor Guard,  1X Neo Versa, 3K V-Bucks, 5$ and 1 mystery Box🔥 6 Winners -Must be following: me @RedTR_ ,…",0.0,0.1
914,Sat Apr 25 15:21:43 +0000 2020,RT @Egypt_Kaori: 負けたら棺桶逝きのタイマン場【島コード 4101-0084-7706】#FortniteChapter2 #Fortnite #フォートナイト https://t.co/mjekWfSTGm,0.0,0.0
915,Sat Apr 25 15:21:45 +0000 2020,フォートナイト生配信中！！アドバイスも是非！！こちらから👇https://t.co/geYnp7T94y#fortnite #フォートナイト #ゲーム実況 #youtuber https://t.co/6Q68UVllQc,0.0,0.0
916,Sat Apr 25 15:21:46 +0000 2020,C’est quoi cette merde sur #Fortnite on peut pas jouer normalement je m’en pete un rein de #TravisScott !!!!,0.0,0.0
917,Sat Apr 25 15:21:46 +0000 2020,RT @Sweazyleaks: @FortniteGame https://t.co/ljKtKQELR7,0.0,0.0
918,Sat Apr 25 15:21:46 +0000 2020,#Fortnite #XboxShare https://t.co/2ozYVVzVkt,0.0,0.0
919,Sat Apr 25 15:21:50 +0000 2020,RT @heyhaylez: Live for the event ! https://t.co/p9Jybv1iwr #trippy #fortnite #supportsmallstreamers,0.17045454545454544,0.5
920,Sat Apr 25 15:21:51 +0000 2020,#FORTNITE #ASTRONOMICAL https://t.co/xop92r7cdw,0.0,0.0
921,Sat Apr 25 15:21:51 +0000 2020,RT @giroostar: 📢 Ich bin 🔴 LIVE auf  !  https://t.co/7kIV4CUryx  #supportsmallstreamers #twitch #youtube #live #video #streaming #playing #…,0.15340909090909088,0.5
922,Sat Apr 25 15:21:52 +0000 2020,ワンタイムイベント最高やした!#Fortnite,0.0,0.0
923,Sat Apr 25 15:21:52 +0000 2020,"I’m unsure if this happened to anyone else, but my entire map literally got tilted after the 4th event ended. Plz h… https://t.co/MeDDZxjgXP",0.0,0.625
924,Sat Apr 25 15:21:52 +0000 2020,Astro Jack #Fortnite #NintendoSwitch https://t.co/1PqQzPPO2j,0.0,0.0
925,Sat Apr 25 15:21:53 +0000 2020,"Le concert de travis Scott Ultra lourd, des events comme ça on en redemande   #Fortnite",0.0,0.0
926,Sat Apr 25 15:21:54 +0000 2020,4月24日の配信は最多のワシ入れて11人の方に参加していただきました！ランブル戦を行い、圧勝しました(笑)125対50台で勝利だったかなやっぱりボイチャ繋いだらえぐいなぁ～配信者16人集めてやったらヤバそう… https://t.co/QUQEFJCxCE,0.0,0.0
927,Sat Apr 25 15:21:56 +0000 2020,"Okay @trvisXX was great to listen to your new #Astronomical track on #Fortnite.  But @afrojack, you need to be the… https://t.co/B9G6wM1F7D",0.4787878787878788,0.5681818181818182
928,Sat Apr 25 15:21:56 +0000 2020,RT @Egypt_Kaori: 負けたら棺桶逝きのタイマン場【島コード 4101-0084-7706】#FortniteChapter2 #Fortnite #フォートナイト https://t.co/mjekWfSTGm,0.0,0.0
929,Sat Apr 25 15:21:59 +0000 2020,"RT @vwAshlievw: Searched EVERYWHERE for the last guy(s) &amp; my partner had me convinced it was just another glitch &amp; we actually were, in fac…",0.0,0.08333333333333334
930,Sat Apr 25 15:22:01 +0000 2020,RT @Egypt_Kaori: 負けたら棺桶逝きのタイマン場【島コード 4101-0084-7706】#FortniteChapter2 #Fortnite #フォートナイト https://t.co/mjekWfSTGm,0.0,0.0
931,Sat Apr 25 15:22:02 +0000 2020,Holy. Fuck. #Fortnite https://t.co/FtEHSJxJAq,-0.4,0.6
932,Sat Apr 25 15:22:03 +0000 2020,RT @CASERFIRE: The 4th event Starts in 10 Minutes | #Fortnite https://t.co/O7aCQqEeeM,0.0,0.0
933,Sat Apr 25 15:22:03 +0000 2020,More footage @trvisXX @noonkster2 #TravisScott #GamingNews #gaming #HipHopMusic https://t.co/HDV0oKHFhL,0.5,0.5
934,Sat Apr 25 15:22:04 +0000 2020,C'était trop dar le concert #TravisScott #Fortnite #Fortnitetravisscott https://t.co/MlwEtPhfRR,0.0,0.0
935,Sat Apr 25 15:22:04 +0000 2020,#フォートナイト#fortnite #トラヴィススコット https://t.co/UIS1hh8z7b,0.0,0.0
936,Sat Apr 25 15:22:04 +0000 2020,RT @Soju77777: 相互フォロー約束します！！[お願い]この垢をフォローこのツイートをRT[お返し]フォロバ#Fortnite#フォートナイト#フォロバ100#フォロバ#固定RT #固定ツイートRT#フォロバ100パーセント #フォローし…,0.0,0.0
937,Sat Apr 25 15:22:05 +0000 2020,"RT @RedTR_: 1X Psycho Bundle, 1X Honor Guard,  1X Neo Versa, 3K V-Bucks, 5$ and 1 mystery Box🔥 6 Winners -Must be following: me @RedTR_ ,…",0.0,0.1
938,Sat Apr 25 15:22:06 +0000 2020,RT @Egypt_Kaori: 負けたら棺桶逝きのタイマン場【島コード 4101-0084-7706】#FortniteChapter2 #Fortnite #フォートナイト https://t.co/mjekWfSTGm,0.0,0.0
939,Sat Apr 25 15:22:07 +0000 2020,RT @AQuA_No_1: 🍀なんかよくわからん背景6個とよく使ってるエフェクト集めました！🍀🔥条件　フォロー　RT　だけです！🔥絡んでくれたらめっちゃ嬉しいです！😊＃フォートナイト　#fortnite　#フォートナイト募集 ＃フォートナイト背景　＃フォートナイト3D…,0.0,0.0
940,Sat Apr 25 15:22:08 +0000 2020,2回目のイベント〜( 'ᴗ'♥︎︎何回見ても楽しい♡#FORTNITE#フォートナイト#ワンタイムイベント https://t.co/Ofc5Qw3GEK,0.0,0.0
941,Sat Apr 25 15:22:12 +0000 2020,"Not a Fortnite fan, but have to say that was pretty cool @trvisXX @KidCudi #Astronomical #NintendoSwitch https://t.co/bTE5uQfVD2",0.3,0.825
942,Sat Apr 25 15:22:13 +0000 2020,Travis scott !! #fortnite #PS4share https://t.co/QVnngaZtRr,0.0,0.0
943,Sat Apr 25 15:22:14 +0000 2020,RT @Egypt_Kaori: 負けたら棺桶逝きのタイマン場【島コード 4101-0084-7706】#FortniteChapter2 #Fortnite #フォートナイト https://t.co/mjekWfSTGm,0.0,0.0
944,Sat Apr 25 15:22:15 +0000 2020,#Fortnite #XboxShare https://t.co/VeEvSqs4NN,0.0,0.0
945,Sat Apr 25 15:22:17 +0000 2020,RT @Egypt_Kaori: 負けたら棺桶逝きのタイマン場【島コード 4101-0084-7706】#FortniteChapter2 #Fortnite #フォートナイト https://t.co/mjekWfSTGm,0.0,0.0
946,Sat Apr 25 15:22:17 +0000 2020,"I'm of the mindset that the ""virtual world"" scenario, that isn't a niche product, is a bit further off than we thin… https://t.co/5eDO6YCDNP",0.0,0.5
947,Sat Apr 25 15:22:17 +0000 2020,Umm.....#fortnite #fortnitemontage #fortniteclips #fortnitefunny #fortniteteamplease #fortnitefr #fortnitebr… https://t.co/QtHE5HdqvF,0.0,0.0
948,Sat Apr 25 15:22:18 +0000 2020,@travisscott x @fortnite CONCERT CLIP 10am show #Fortnite #XboxShare https://t.co/5rJvvD1N9S,0.0,0.0
949,Sat Apr 25 15:22:18 +0000 2020,#フォートナイト  #Fortnite すげえええええええええええええ https://t.co/uWQJdZrrrr,0.0,0.0
950,Sat Apr 25 15:22:19 +0000 2020,上手く作り込まれすぎですね#フォートナイト #Fortnite #ワンタイムイベント #トラビススコット https://t.co/v5hfMmRQAf,0.0,0.0
951,Sat Apr 25 15:22:21 +0000 2020,RT @DELTAGG058: こんばんわ❗️本日のCRCUP出場者さんお疲れ様でした😁そして、6000人フォロワー突破致しました😁リプに応援メッセージお願い致しますリプの中から1名様に6000円アマギフをプレゼントさせていただきます😆ではお待ちしております🤲#…,0.0,0.0
952,Sat Apr 25 15:22:21 +0000 2020,RT @Egypt_Kaori: 負けたら棺桶逝きのタイマン場【島コード 4101-0084-7706】#FortniteChapter2 #Fortnite #フォートナイト https://t.co/mjekWfSTGm,0.0,0.0
953,Sat Apr 25 15:22:22 +0000 2020,RT @4_Da_People: Join in to make #music and #play #games with us and our members @teamguilded https://t.co/InrwqhXo0F #gamimg #discord #edm…,0.0,0.0
954,Sat Apr 25 15:22:23 +0000 2020,The same White butterfly from the cube event. #FortniteChapter2    #Season2 #Fortniteleaks #emote… https://t.co/GLVTCvqEXE,0.0,0.0625
955,Sat Apr 25 15:22:24 +0000 2020,水没都市 #NintendoSwitch #fortnite https://t.co/GjGn6wqHi9,0.0,0.0
956,Sat Apr 25 15:22:24 +0000 2020,What I do in my free time (Keep in mind that this is spawn island in creative) #fortnite https://t.co/4oCgKBULra,0.45,0.9
957,Sat Apr 25 15:22:25 +0000 2020,RT @HamcakesDeluxe: Ham's Highlights. @jamil56504803 Think this is bad? - Squad Wipe. #Fortnite #Royaletours #OutKastGG https://t.co/e3323u…,-0.6999999999999998,0.6666666666666666
958,Sat Apr 25 15:22:25 +0000 2020,トラヴィススコットのライブかっこよかった🤩#Fortnite,0.0,0.0
959,Sat Apr 25 15:22:27 +0000 2020,RT @ohRampz: I'll give 13.5k V-Bucks(applied) to someone that retweets this Tweet within the next 24hMust be following @SiovoSells+@Surfe…,0.0,0.05
960,Sat Apr 25 15:22:28 +0000 2020,Fortniteでいい瞬間スイッチで画面スクショしてiPhoneで撮る！#フォートナイト #Fortnite #ワンタイムイベント#拡散希望 https://t.co/jK0lQ04AID,0.0,0.0
961,Sat Apr 25 15:22:30 +0000 2020,RT @Egypt_Kaori: 負けたら棺桶逝きのタイマン場【島コード 4101-0084-7706】#FortniteChapter2 #Fortnite #フォートナイト https://t.co/mjekWfSTGm,0.0,0.0
962,Sat Apr 25 15:22:31 +0000 2020,RT @Egypt_Kaori: 負けたら棺桶逝きのタイマン場【島コード 4101-0084-7706】#FortniteChapter2 #Fortnite #フォートナイト https://t.co/mjekWfSTGm,0.0,0.0
963,Sat Apr 25 15:22:32 +0000 2020,"Os Modos Solos, Duos, Squads e Equipe Tumulto foram Reativados.O MTL Astronomical do Travis Scott foi Desativado.  #Fortnite",0.0,0.0
964,Sat Apr 25 15:22:34 +0000 2020,just went to the travis scott concert on fornite 🤟🏻 ngl that was something  #astronomical,0.0,0.0
965,Sat Apr 25 15:22:36 +0000 2020,RT @Sweazyleaks: What event was better for you? #Fortnite Like= marshmello Retweet = Travis scott https://t.co/k2nriWfHKH,0.5,0.5
966,Sat Apr 25 15:22:36 +0000 2020,4回目のワンタイム〜‼︎あと一回‼︎今日起きれるかな？笑#ワンタイム#ワンタイムイベント#Fortnite https://t.co/hYv7uLO2lb,0.0,0.0
967,Sat Apr 25 15:22:36 +0000 2020,RT @Egypt_Kaori: 負けたら棺桶逝きのタイマン場【島コード 4101-0084-7706】#FortniteChapter2 #Fortnite #フォートナイト https://t.co/mjekWfSTGm,0.0,0.0
968,Sat Apr 25 15:22:36 +0000 2020,RT @JAZZ10906785: カーズのアトラクションを再現しました。MAPCODE【0831-8421-4372】拡散よろしくお願いします🙏#フォートナイト#フォートナイトクリエイティブ#fortnite#fortnitecreative#カリフォルニ…,0.0,0.0
969,Sat Apr 25 15:22:38 +0000 2020,Gfx artist dm me for paid illustration of your own charaterAustin X team sinergy player india#gfx #gfxdesigner… https://t.co/kGSb8sVEta,0.6,1.0
970,Sat Apr 25 15:22:41 +0000 2020,RT @NB_Dakki: 【今日のclip】Day7#フォートナイト #フォートナイト募集 #Fortnite #今日のclip #YouTube #チャンネル登録 #フォロー相互 #clip https://t.co/KDKYhJiTa3,0.0,0.0
971,Sat Apr 25 15:22:43 +0000 2020,RT @Reborn77627918: 気になった人はdmしてくだしい#Fortnite #フォトナ　#フォートナイト　#絵師　#絵師さん募集　#絵師さんと繋がりたい　#クラメン募集　#絵師さん https://t.co/kxERVmpMyw,0.0,0.0
972,Sat Apr 25 15:22:45 +0000 2020,I wonder why they took the old map textures and not the new ones. I know this are the same textures like on Chapter… https://t.co/QmM4zrbzBB,0.07878787878787878,0.25984848484848483
973,Sat Apr 25 15:22:46 +0000 2020,Suerte a los otros participantes del sorteo y que se la pasen extraordinario en el evento de hoy,0.0,0.0
974,Sat Apr 25 15:22:48 +0000 2020,RT @VaccineYT: My second montage is officially up right NOW!!!!https://t.co/5ZJnSHGo75Come watch me beat people in #ApexLegends #Fortni…,0.14285714285714285,0.26785714285714285
975,Sat Apr 25 15:22:49 +0000 2020,RT @S1AN4E: S1AN4E HighlightRT＆LIKE please#S1AN4ETV#フォートナイト #Fortnite https://t.co/95j2E5f5sE,0.0,0.0
976,Sat Apr 25 15:22:53 +0000 2020,CUSTOMS GAMES HELL YEAH,0.0,0.0
977,Sat Apr 25 15:22:53 +0000 2020,"Could everyone go follow my twitch, instagram, and my twitter @ Twitch_JiinksyFN✨ • ILL RETURN THE FAVOUR•… https://t.co/qClb574nj8",-0.5,1.0
978,Sat Apr 25 15:22:54 +0000 2020,Magnifique évent merci @Fortnite#NintendoSwitch #évent#Fortnite https://t.co/brfNOFoVOh,0.0,0.0
979,Sat Apr 25 15:22:54 +0000 2020,"I'm of the mindset that the ""virtual world"" scenario, that isn't a niche product, is a bit further off than we thin… https://t.co/uZZ9nGHZ1h",0.0,0.5
980,Sat Apr 25 15:22:55 +0000 2020,RT @Egypt_Kaori: 負けたら棺桶逝きのタイマン場【島コード 4101-0084-7706】#FortniteChapter2 #Fortnite #フォートナイト https://t.co/mjekWfSTGm,0.0,0.0
981,Sat Apr 25 15:22:55 +0000 2020,RT @Egypt_Kaori: 負けたら棺桶逝きのタイマン場【島コード 4101-0084-7706】#FortniteChapter2 #Fortnite #フォートナイト https://t.co/mjekWfSTGm,0.0,0.0
982,Sat Apr 25 15:22:55 +0000 2020,Por eso este evento me gusta verlo repetido tantas veces por Travis Scott #Fortnite #TravisScott 😍🙀(Esto es de ah… https://t.co/0w4ObpvGkI,0.0,0.0
983,Sat Apr 25 15:22:57 +0000 2020,Astronomical 、4回目。違うアングルから撮影#フォートナイト #Fortnite #ワンタイム #Astronomical  #ワンタイムアンコール https://t.co/GhliKvjd6G,0.0,0.0
984,Sat Apr 25 15:23:00 +0000 2020,RT @PersonSmiling: Hemos trabajado un montonazo para hacer esto posible y no podría hacerme más ilusión ver el resultado.Hoy a las 18:00…,0.0,0.0
985,Sat Apr 25 15:23:00 +0000 2020,#Fortnite #XboxShare https://t.co/bn2i2JyWCI,0.0,0.0
986,Sat Apr 25 15:23:03 +0000 2020,RT @wexsports_: 🎁 #SORTEO Sorteo 2 Skins Travis Scott para #Fortnite Requisitos:Dar RT al Twitt🔁Seguirnos +Dar❤️ al TwittMucha sue…,0.0,0.0
987,Sat Apr 25 15:23:03 +0000 2020,RT @AmoraArtwork: #Rox showing off (#Fortnite) all versions https://t.co/JmUbW4gVhk,0.0,0.0
988,Sat Apr 25 15:23:04 +0000 2020,RT @ComicYears: Millions of people signed into #Fortnite for a digital concert from #TravisScott. Find out how many people watched this eve…,0.25,0.25
989,Sat Apr 25 15:23:04 +0000 2020,Theres a Jump Glitch After the Concert #Fortnite🔗 https://t.co/Z0DAVlhXNA https://t.co/iRPDIrn6aT,0.0,0.0
990,Sat Apr 25 15:23:05 +0000 2020,RT @DELTAGG058: こんばんわ❗️本日のCRCUP出場者さんお疲れ様でした😁そして、6000人フォロワー突破致しました😁リプに応援メッセージお願い致しますリプの中から1名様に6000円アマギフをプレゼントさせていただきます😆ではお待ちしております🤲#…,0.0,0.0
991,Sat Apr 25 15:23:05 +0000 2020,https://t.co/Xw02xnQzcw,0.0,0.0
992,Sat Apr 25 15:23:08 +0000 2020,RT @themarsowy: react#fortnite #fortniteart #fortniteblender #fortnite3d #fortnitehaze https://t.co/5DiRGzwuo4,0.0,0.0
993,Sat Apr 25 15:23:09 +0000 2020,Never thought I’d watch a mini concert on Fortnite .. but it was pretty lit tho #TravisScott,0.25,1.0
994,Sat Apr 25 15:23:12 +0000 2020,Astronomical Event Is Now Officially Over What Was Your Fav Part?#fortnite #TravisScott #gaming https://t.co/Q8yFjXm4Gl,0.0,0.0
995,Sat Apr 25 15:23:13 +0000 2020,#FortniteGonna miss this event not gonna lie https://t.co/SiH8fMF2Es,0.0,0.0
996,Sat Apr 25 15:23:15 +0000 2020,RT @irstmemu: rkgkスカイrkgkでよければフォロワーさんのみアイコン使用可です〜#フォートナイトイラスト#Fortnite https://t.co/V6G08471xf,0.0,0.0
997,Sat Apr 25 15:23:15 +0000 2020,If you cashapp me any amount of money I can multiply it by 0 $bruh6197 #CashAppFriday #cashapp #Cashappblessing… https://t.co/IugBtOXYWD,0.0,0.0
998,Sat Apr 25 15:23:15 +0000 2020,Repitiendo concierto #Fortnite #TravisScott #NintendoSwitch https://t.co/48XpjnQ1Ys,0.0,0.0
999,Sat Apr 25 15:23:20 +0000 2020,This was pretty DOPE!!! It looks so good!! Hello Unreal 👋🏾tata Unity ✌🏾#epicgamesfortnite #travisscott #gaming… https://t.co/X7Gn1UvyKv,0.744140625,0.8
1000,Sat Apr 25 15:23:21 +0000 2020,📢 I'm 🔴 LIVE on #Fortnite ! https://t.co/i859osBgnM #wizebot #twitch,0.17045454545454544,0.5
1001,Sat Apr 25 15:23:22 +0000 2020,RT @Egypt_Kaori: 負けたら棺桶逝きのタイマン場【島コード 4101-0084-7706】#FortniteChapter2 #Fortnite #フォートナイト https://t.co/mjekWfSTGm,0.0,0.0
1002,Sat Apr 25 15:23:23 +0000 2020,⭐オナーガード正規コード販売⭐ a⭐一般のお客様価格　3000円⭐⭐業者様限定価格 1500円⭐業者様は総実績100件↑又は知り合いのみ#fortnite#フォートナイト#オナーガード https://t.co/8gQkM770oZ,0.0,0.0
1003,Sat Apr 25 15:23:28 +0000 2020,RT @blazer_woods: 📢 I'm 🔴 LIVE on #Fortnite ! https://t.co/i859osBgnM #wizebot #twitch,0.17045454545454544,0.5
1004,Sat Apr 25 15:23:31 +0000 2020,"My 5 year old just told me be quiet he’s at a #TravisScott concert, it’s live he says 😂 @trvisXX",0.07878787878787878,0.3444444444444444
1005,Sat Apr 25 15:23:31 +0000 2020,Finally recorded the whole thing #Fortnite https://t.co/mZlLYt2qga,0.1,0.7
1006,Sat Apr 25 15:23:32 +0000 2020,すっごく楽しかったー！最高！#フォートナイト#Astronomicalイベント,0.0,0.0
1007,Sat Apr 25 15:23:32 +0000 2020,Sublime concert de Trahis Scott sur #Fortnite 😍 @FortniteFR https://t.co/GU5KD2IpI3,0.0,0.0
1008,Sat Apr 25 15:23:33 +0000 2020,よかった☺️#travisscott#fortnite https://t.co/kc9Ij3aHcB,0.0,0.0
1009,Sat Apr 25 15:23:36 +0000 2020,RT @S1AN4E: S1AN4E HighlightRT＆LIKE please#S1AN4ETV#フォートナイト #Fortnite https://t.co/95j2E5f5sE,0.0,0.0
1010,Sat Apr 25 15:23:36 +0000 2020,RT @ShadowOpsFN: Finally recorded the whole thing #Fortnite https://t.co/mZlLYt2qga,0.1,0.7
1011,Sat Apr 25 15:23:38 +0000 2020,RT @DramaCorn62: Happy Saturday! WE LIVE!👀🥳FORTNITE CUSTOM GAMES STARTING NOW! Going to watch the event first and then we’re jumping strai…,0.4166666666666667,0.4777777777777778
1012,Sat Apr 25 15:23:37 +0000 2020,Screenshot from #TravisScott #travisscottfortnite it was so good https://t.co/r1WIOPirq8,0.7,0.6000000000000001
1013,Sat Apr 25 15:23:39 +0000 2020,RT @S1AN4E: S1AN4E HighlightRT＆LIKE please#S1AN4ETV#フォートナイト #Fortnite https://t.co/95j2E5f5sE,0.0,0.0
1014,Sat Apr 25 15:23:42 +0000 2020,さっきのワンタイムマジで害悪だらけやった……#ワンタイムイベント #フォートナイト #Fortnite #フォートナイトワンタイムイベント,0.0,0.0
1015,Sat Apr 25 15:23:44 +0000 2020,RT @tattin_07: 依頼絵終わりました(*´з`)よかったら見てください！#Fortnite #FortniteArt#フォートナイト#フォートナイトイラスト https://t.co/8g98dSidTd,0.0,0.0
1016,Sat Apr 25 15:23:45 +0000 2020,RT @yutosan216421: Highlight #11 【Hold on】RT LIKE PLZ高画質https://t.co/rtIXPq4pYe#フォートナイトキル集#Fortnite#フォートナイト女子 https://t.co/YGEL08mwiD,0.0,0.0
1017,Sat Apr 25 15:23:45 +0000 2020,Travis Scott Fortnite Concert w/ Lincoln. #fortnite #PS4sharehttps://t.co/goWrUyv3tN https://t.co/x7bXIUwC8r,0.0,0.0
1018,Sat Apr 25 15:23:47 +0000 2020,RT @Raff1a: FORTNITE Highlight今回編集がんばりました。短いので是非見ていってください🙇RT&amp;いいね✨お願いします🛶#fortniteクラン募集 #fortnite#フォートナイト女子#フォートナイト#フォートナイトキル集#フォー…,0.0,0.0
1019,Sat Apr 25 15:23:48 +0000 2020,"Travis Scott’s “goosebumps,” “SICKO MODE” and “HIGHEST IN THE ROOM” re-enter the Top 10 of US Spotify following his… https://t.co/9X5SKKt0vM",0.25,0.3
1020,Sat Apr 25 15:23:48 +0000 2020,"RT @Roberts_Tanya_: My 5 year old just told me be quiet he’s at a #TravisScott concert, it’s live he says 😂 @trvisXX",0.07878787878787878,0.3444444444444444
1021,Sat Apr 25 15:23:52 +0000 2020,There’s a fortnite live event this evening and I just so happen to be streaming it! Why not come checkout my stream… https://t.co/T1kdpV3ry9,0.17045454545454544,0.5
1022,Sat Apr 25 15:23:53 +0000 2020,RT @Egypt_Kaori: 負けたら棺桶逝きのタイマン場【島コード 4101-0084-7706】#FortniteChapter2 #Fortnite #フォートナイト https://t.co/mjekWfSTGm,0.0,0.0
1023,Sat Apr 25 15:23:53 +0000 2020,RT @H3dDr: Hush is waiting for you... 🖤Anonymous commission.#Fortnite #Porn #Hentai #NSFW#Hush #Nude #Ass #badass https://t.co/w2jyhOw…,0.0,0.0
1024,Sat Apr 25 15:23:53 +0000 2020,#pacharan + #Fortnite = #nobad https://t.co/6Tv54ZVR0z,0.0,0.0
1025,Sat Apr 25 15:23:56 +0000 2020,"ON!🔴 - #YTBattleRoyaleYT #Fortnite Torneo de Youtubers , Streamers , Futbolistas y más!Espero veros a todos dentr… https://t.co/lZMifx3esn",0.0,0.0
1026,Sat Apr 25 15:23:57 +0000 2020,"RT @OzurianArt: Crystal, from Fortnite! 😋#Fortnite #FortniteArt #SixFanart #SixFanartChallenge https://t.co/mbQe7mUHRl",0.0,0.0
1027,Sat Apr 25 15:23:57 +0000 2020,RT @Egypt_Kaori: 負けたら棺桶逝きのタイマン場【島コード 4101-0084-7706】#FortniteChapter2 #Fortnite #フォートナイト https://t.co/mjekWfSTGm,0.0,0.0
1028,Sat Apr 25 15:23:57 +0000 2020,#NintendoSwitch #fortnite https://t.co/WLYTC461Cm,0.0,0.0
1029,Sat Apr 25 15:24:00 +0000 2020,RT @SizzyLeaks: What`s map is better?Chapter 2 - LikeChapter 1 - Retweet #Fortnite  #Fortniteleaks https://t.co/gztgmcf5ZT,0.0,0.0
1030,Sat Apr 25 15:24:00 +0000 2020,Surf snel naar https://t.co/iubsKAE11L en neem gratis deel aan enkele leuke toernooien en maak kans op leuke prijze… https://t.co/9DGWfcMSbN,0.0,0.0
1031,Sat Apr 25 15:24:00 +0000 2020,#Fortnite #XboxShare https://t.co/IgxASp3HOp,0.0,0.0
1032,Sat Apr 25 15:24:01 +0000 2020,RT @S1AN4E: S1AN4E HighlightRT＆LIKE please#S1AN4ETV#フォートナイト #Fortnite https://t.co/95j2E5f5sE,0.0,0.0
1033,Sat Apr 25 15:24:03 +0000 2020,RT @SizzyLeaks: What`s map is better?Chapter 2 - LikeChapter 1 - Retweet #Fortnite  #Fortniteleaks https://t.co/gztgmcf5ZT,0.0,0.0
1034,Sat Apr 25 15:24:05 +0000 2020,RT @AxooFTN: #CONCOURS 🎁Tente de gagner un Honor Guard 🤩#FortnitePour participer il faut : ~ #RT ce tweet ♻️~ Follow :@AxooFTN + @A…,0.0,0.0
1035,Sat Apr 25 15:24:05 +0000 2020,We R E A D Y!Valorant time!I'm L I V E ! Come see me and spend your Saturday with me!https://t.co/EjwjXVzvML 🐾🖤… https://t.co/wCLa2shQ9y,0.0,0.0
1036,Sat Apr 25 15:24:06 +0000 2020,RT @WanteD_TeamFR: [#Dernière NEWS] #FortniteNous apprenons que notre duo très récemment rentré dans notre section nous quitte déjà...E…,-0.75,1.0
1037,Sat Apr 25 15:24:09 +0000 2020,Time for a bit of #Fortnite 🎮,0.0,0.0
1038,Sat Apr 25 15:24:09 +0000 2020,Along with pictures @trvisXX @noonkster2 #TravisScott #gamergirl #GamingNews #gaming #HipHopMusic https://t.co/iX6W65Yovo,0.0,0.0
1039,Sat Apr 25 15:24:10 +0000 2020,RT @Egypt_Kaori: 負けたら棺桶逝きのタイマン場【島コード 4101-0084-7706】#FortniteChapter2 #Fortnite #フォートナイト https://t.co/mjekWfSTGm,0.0,0.0
1040,Sat Apr 25 15:24:12 +0000 2020,RT @Egypt_Kaori: 負けたら棺桶逝きのタイマン場【島コード 4101-0084-7706】#FortniteChapter2 #Fortnite #フォートナイト https://t.co/mjekWfSTGm,0.0,0.0
1041,Sat Apr 25 15:24:13 +0000 2020,RT @beastie_games: We R E A D Y!Valorant time!I'm L I V E ! Come see me and spend your Saturday with me!https://t.co/EjwjXVzvML 🐾🖤#twi…,0.0,0.0
1042,Sat Apr 25 15:24:13 +0000 2020,#Fortnite #XboxShare https://t.co/C50ypW8qfK,0.0,0.0
1043,Sat Apr 25 15:24:16 +0000 2020,#Fortnite #XboxShare https://t.co/BdNyjqUXR7,0.0,0.0
1044,Sat Apr 25 15:24:16 +0000 2020,#gamers #gameplay #COD #fortnite https://t.co/ppydVqCxps,0.0,0.0
1045,Sat Apr 25 15:24:18 +0000 2020,RT @WritinRevRog77: Along with pictures @trvisXX @noonkster2 #TravisScott #gamergirl #GamingNews #gaming #HipHopMusic https://t.co/iX6W65Yo…,0.0,0.0
1046,Sat Apr 25 15:24:18 +0000 2020,RT @YT_YT_NaiF: #Fortnite Old Map https://t.co/j9t2BfAWpC,0.1,0.2
1047,Sat Apr 25 15:24:19 +0000 2020,DESERVED,0.0,0.0
1048,Sat Apr 25 15:24:20 +0000 2020,"RT @PopCrave: Travis Scott’s “goosebumps,” “SICKO MODE” and “HIGHEST IN THE ROOM” re-enter the Top 10 of US Spotify following his ‘Astronom…",0.25,0.3
1049,Sat Apr 25 15:24:22 +0000 2020,RT @KarbonClanYT: Si vous avez besoin de miniature contactez le vite ! Il est rapide et disponible sur #ModernWarfare ou même #Fortnite 1…,0.0,0.0
1050,Sat Apr 25 15:24:24 +0000 2020,RT @Egypt_Kaori: 負けたら棺桶逝きのタイマン場【島コード 4101-0084-7706】#FortniteChapter2 #Fortnite #フォートナイト https://t.co/mjekWfSTGm,0.0,0.0
1051,Sat Apr 25 15:24:25 +0000 2020,Thank you Fortnite for my kiddos first concert (well this was the third time he watched it lol) from the comfort of… https://t.co/N3lnTbsMbR,0.35000000000000003,0.3444444444444444
1052,Sat Apr 25 15:24:26 +0000 2020,#Xbox#Concert#Live#Fortnite#TravisScott https://t.co/Pg6JtZnCEv,0.0,0.0
1053,Sat Apr 25 15:24:25 +0000 2020,Took out all of sweaty sands lol  #Fortnite #fun https://t.co/xoRro2gBEh,0.55,0.44999999999999996
1054,Sat Apr 25 15:24:26 +0000 2020,RT @heebinchanS2: CRカップ見ながら描いた今日アイテムショップに出たルーちゃんです！！大会お疲れ様でした！CR컵 고생하셨읍니다^^7#Fortnite#フォートナイト https://t.co/juJAUOaLHY,0.0,0.0
1055,Sat Apr 25 15:24:27 +0000 2020,#Fortnite #フォートナイト ワンタイムの後、医療箱と一緒に帰ってきました() https://t.co/TRwhZRM5NO,0.0,0.0
1056,Sat Apr 25 15:24:27 +0000 2020,RT @Egypt_Kaori: 負けたら棺桶逝きのタイマン場【島コード 4101-0084-7706】#FortniteChapter2 #Fortnite #フォートナイト https://t.co/mjekWfSTGm,0.0,0.0
1057,Sat Apr 25 15:24:27 +0000 2020,RT @Egypt_Kaori: 負けたら棺桶逝きのタイマン場【島コード 4101-0084-7706】#FortniteChapter2 #Fortnite #フォートナイト https://t.co/mjekWfSTGm,0.0,0.0
1058,Sat Apr 25 15:24:29 +0000 2020,Check out this Fortnite clip I recorded with https://t.co/z9yr8Ndefm! #Fortnite🔗 https://t.co/PNYALp2QQo,0.0,0.0
1059,Sat Apr 25 15:24:29 +0000 2020,RT @yutosan216421: Highlight #11 【Hold on】RT LIKE PLZ高画質https://t.co/rtIXPq4pYe#フォートナイトキル集#Fortnite#フォートナイト女子 https://t.co/YGEL08mwiD,0.0,0.0
1060,Sat Apr 25 15:24:29 +0000 2020,"RT @PopCrave: Travis Scott’s “goosebumps,” “SICKO MODE” and “HIGHEST IN THE ROOM” re-enter the Top 10 of US Spotify following his ‘Astronom…",0.25,0.3
1061,Sat Apr 25 15:24:30 +0000 2020,#フォートナイト #fortnite 三回目の参加！ https://t.co/onEubJK3ax,0.0,0.0
1062,Sat Apr 25 15:24:31 +0000 2020,RT @Egypt_Kaori: 負けたら棺桶逝きのタイマン場【島コード 4101-0084-7706】#FortniteChapter2 #Fortnite #フォートナイト https://t.co/mjekWfSTGm,0.0,0.0
1063,Sat Apr 25 15:24:34 +0000 2020,@FortniteGame @trvisXX 🔥🔥#Astronomical #Fortnite https://t.co/8InpjlW4sd,0.0,0.0
1064,Sat Apr 25 15:24:35 +0000 2020,RT @Egypt_Kaori: 負けたら棺桶逝きのタイマン場【島コード 4101-0084-7706】#FortniteChapter2 #Fortnite #フォートナイト https://t.co/mjekWfSTGm,0.0,0.0
1065,Sat Apr 25 15:24:36 +0000 2020,#Fortnite #TravisScott https://t.co/yjMGN8LD89,0.0,0.0
1066,Sat Apr 25 15:24:37 +0000 2020,RT @Egypt_Kaori: 負けたら棺桶逝きのタイマン場【島コード 4101-0084-7706】#FortniteChapter2 #Fortnite #フォートナイト https://t.co/mjekWfSTGm,0.0,0.0
1067,Sat Apr 25 15:24:43 +0000 2020,RT @Sweazyleaks: @FortniteGame https://t.co/ljKtKQELR7,0.0,0.0
1068,Sat Apr 25 15:24:43 +0000 2020,RT @mekanhd: Kooda🌈⚠️Weiter geht es bei meinem YouTube Video!🔥💙https://t.co/lOhJAdytlLSchaut euch das Video bitte bis zum Ende an!👌🌈Lik…,0.0,0.0
1069,Sat Apr 25 15:24:44 +0000 2020,RT @Haru14_G: プレゼント企画第三弾！！ラストかも！！景品　ショップの1200円分×2人　参加方法【@Haru14_G 】をフォローこのツイートをRT　YouTubeチャンネル登録で2倍引用RTで2倍(しなくてもOK)期限:4:27 17:00…,0.0,0.0
1070,Sat Apr 25 15:24:44 +0000 2020,RT @irstmemu: 大好きなジャッキーちゃんでスタートを切りたいと思います！2020年あけましておめでとうございます！今年もよろしくお願いします！#FORTNITE https://t.co/uef1hkwlCU,0.0,0.0
1071,Sat Apr 25 15:24:44 +0000 2020,Astronomical Event Is Now Over What Was Your Favourite Part?#fortnite #XboxShare #TravisScott https://t.co/xOklX5YpWO,0.0,0.0
1072,Sat Apr 25 15:24:45 +0000 2020,Cuando al único sitio al que puedes irte de fiesta es al #Fortnite 🤣 #fortnitextravisscott https://t.co/ZZZSPLFdZR,0.0,0.0
1073,Sat Apr 25 15:24:46 +0000 2020,#NintendoSwitch #TRAVISSCOTT #フォートナイト https://t.co/hfXd9bG5UC,0.0,0.0
1074,Sat Apr 25 15:24:46 +0000 2020,RT @xwdsleaksFN: The Axe of Champions pickaxe will be exclusive to the current FNCS Champions until the next Champions are crowned!#Fortn…,0.0,0.2
1075,Sat Apr 25 15:24:46 +0000 2020,RT @FNNo1_: 【最後のキル集】曲 THE HEYDAZE - ABC既読感覚で♻️と❤️下さい！#フォートナイト#Fortnite https://t.co/WAptFvuSHK,0.0,0.0
1076,Sat Apr 25 15:24:47 +0000 2020,最初に奥に行き過ぎたらこんなった笑#Fortnite #フォートナイト #ワンタイムイベント  #トラビススコット https://t.co/s9NGjS9AYn,0.0,0.0
1077,Sat Apr 25 15:24:48 +0000 2020,"Pretending to be hip and cool by watching the Travis Scott event in #Fortnite, over my son's shoulder... 😂 Cool eve… https://t.co/2ww1NetGVl",0.35,0.65
1078,Sat Apr 25 15:24:50 +0000 2020,1人だけ座って観戦できなかった者の末路#travisscottfortnite #TravisScott #fortnite https://t.co/VAckjIDG17,0.0,0.0
1079,Sat Apr 25 15:24:53 +0000 2020,RT @Egypt_Kaori: 負けたら棺桶逝きのタイマン場【島コード 4101-0084-7706】#FortniteChapter2 #Fortnite #フォートナイト https://t.co/mjekWfSTGm,0.0,0.0
1080,Sat Apr 25 15:24:54 +0000 2020,"RT @ohSlayne: 【Blueberry Faygo 🍇】   Slayne #Highlight  #1   #RT x #FAV pour la visu, je suis nouveau 🥺#りりくりっぷ   #フォートナイト      #フォ…",0.0,0.0
1081,Sat Apr 25 15:24:55 +0000 2020,"RT @PopCrave: Travis Scott’s “goosebumps,” “SICKO MODE” and “HIGHEST IN THE ROOM” re-enter the Top 10 of US Spotify following his ‘Astronom…",0.25,0.3
1082,Sat Apr 25 15:24:55 +0000 2020,RT @Sweazyleaks: @FortniteGame https://t.co/ljKtKQELR7,0.0,0.0
1083,Sat Apr 25 15:24:57 +0000 2020,"RT @PopCrave: Travis Scott’s “goosebumps,” “SICKO MODE” and “HIGHEST IN THE ROOM” re-enter the Top 10 of US Spotify following his ‘Astronom…",0.25,0.3
1084,Sat Apr 25 15:24:57 +0000 2020,#Fortnite #XboxShare https://t.co/ez4hnahP9H,0.0,0.0
1085,Sat Apr 25 15:24:58 +0000 2020,RT @xwdsleaksFN: The Axe of Champions pickaxe will be exclusive to the current FNCS Champions until the next Champions are crowned!#Fortn…,0.0,0.2
1086,Sat Apr 25 15:25:00 +0000 2020,RT @VaccineYT: My second montage is officially up right NOW!!!!https://t.co/5ZJnSHGo75Come watch me beat people in #ApexLegends #Fortni…,0.14285714285714285,0.26785714285714285
1087,Sat Apr 25 15:25:00 +0000 2020,RT @Sister1_Sister2: Highlights from the #Fortnite #TravisScott Concert                              #FortniteChapter2Season2 #PS4share htt…,0.0,0.0
1088,Sat Apr 25 15:25:00 +0000 2020,Ya puedes descargar en tu móvil Android #Fortnite desde Google Play... o puede que no. Estos son sus requisitos https://t.co/31bIManHGA,0.0,0.0
1089,Sat Apr 25 15:25:00 +0000 2020,RT @FortniteFunny: Over 12.3 million concurrent players participated live in Travis Scott's #Fortnite Astronomical Event 🤯https://t.co/oh…,0.13636363636363635,0.5
1090,Sat Apr 25 15:25:00 +0000 2020,RT @Sweazyleaks: What event was better for you? #Fortnite Like= marshmello Retweet = Travis scott https://t.co/k2nriWfHKH,0.5,0.5
1091,Sat Apr 25 15:25:01 +0000 2020,RT @driyx44: 12h Stream Kommt Jetzt Rein! !Giveaway ist dabei.https://t.co/z4zSU21sif#Live #Stream #Twitch #YouTube #giveaway #fortnite…,0.0,0.0
1092,Sat Apr 25 15:25:02 +0000 2020,#Fortnite #XboxShare https://t.co/13KysjitX8,0.0,0.0
1093,Sat Apr 25 15:25:02 +0000 2020,When #TravisScott finger at me... #NintendoSwitch https://t.co/YfLVAFA4Z3,0.0,0.0
1094,Sat Apr 25 15:25:02 +0000 2020,フォートナイトワンタイムイベントパリピ⭐︎パリピ⭐︎#トラヴィス https://t.co/wkocazD3ZQ,0.0,0.0
1095,Sat Apr 25 15:25:02 +0000 2020,Meu Deus que huge véi,0.4000000000000001,0.9
1096,Sat Apr 25 15:25:02 +0000 2020,#TravisScott #Fortnite #Astronomical @FortniteGame @trvisXX https://t.co/mKBNDh9N9j,0.0,0.0
1097,Sat Apr 25 15:25:03 +0000 2020,RT @gstvloser: Sobre o evento do Travis Scott#TravisScott #Fortnite #travisscottfortnite #Astronomical https://t.co/PyiiTDjvYL,0.0,0.0
1098,Sat Apr 25 15:25:04 +0000 2020,RT @09czelusniak: Reporter à la semaine prochaine,0.0,0.0
1099,Sat Apr 25 15:25:04 +0000 2020,⏰ Ultimas 24 horas para apuntarte a los torneos de esta semana:#Fortnite#LOL#BrawsStars#FIFA20🙏🙏🙏Por casa ins… https://t.co/VtoJgc1yQX,0.0,0.0
1100,Sat Apr 25 15:25:04 +0000 2020,"RT @PopCrave: Travis Scott’s “goosebumps,” “SICKO MODE” and “HIGHEST IN THE ROOM” re-enter the Top 10 of US Spotify following his ‘Astronom…",0.25,0.3
1101,Sat Apr 25 15:25:05 +0000 2020,#Fortnite #XboxShare https://t.co/AgXl7lw2pp,0.0,0.0
1102,Sat Apr 25 15:25:06 +0000 2020,RT @irstmemu: バンドルパーカー着た子とイルミ見るフォロワーワンのみアイコン可です#フォートナイト#フォートナイトイラスト #FortniteArt #Fortnite https://t.co/NWLSYgpMo7,0.0,0.0
1103,Sat Apr 25 15:25:06 +0000 2020,めっちゃ強いんでRTといいねお願いします🤲,0.0,0.0
1104,Sat Apr 25 15:25:06 +0000 2020,#FORTNITE #ASTRONOMICAL https://t.co/w87ntEEplF,0.0,0.0
1105,Sat Apr 25 15:25:07 +0000 2020,RT @FortniteGameFR: Les rumeurs disent que l'ancienne map de #Fortnite va bientôt faire son grand retour (car on l’apercevrait dans le skin…,0.5,1.0
1106,Sat Apr 25 15:25:08 +0000 2020,"RT @PopCrave: Travis Scott’s “goosebumps,” “SICKO MODE” and “HIGHEST IN THE ROOM” re-enter the Top 10 of US Spotify following his ‘Astronom…",0.25,0.3
1107,Sat Apr 25 15:25:09 +0000 2020,"I’ve seen this event four times now, and I still can’t get enough of it. It’s just too epic!! 🤩#Fortnite… https://t.co/ms8tANX5Tn",0.078125,0.45
1108,Sat Apr 25 15:25:09 +0000 2020,#Fortnite #XboxShare https://t.co/fJZXCqMT83,0.0,0.0
1109,Sat Apr 25 15:25:11 +0000 2020,I guess to much weed #Fortnite https://t.co/BS6Fjiw2Iy,0.2,0.2
1110,Sat Apr 25 15:25:12 +0000 2020,FORTNITEHOW DID YOU FIND SKIN AGENT PEELY ? #FortniteChapter2 #FortniteBattleRoyale #fortnite #fortniteleaks https://t.co/W32zsPchow,0.0,0.0
1111,Sat Apr 25 15:25:13 +0000 2020,RT @Egypt_Kaori: 負けたら棺桶逝きのタイマン場【島コード 4101-0084-7706】#FortniteChapter2 #Fortnite #フォートナイト https://t.co/mjekWfSTGm,0.0,0.0
1112,Sat Apr 25 15:25:13 +0000 2020,RT @Egypt_Kaori: 負けたら棺桶逝きのタイマン場【島コード 4101-0084-7706】#FortniteChapter2 #Fortnite #フォートナイト https://t.co/mjekWfSTGm,0.0,0.0
1113,Sat Apr 25 15:25:13 +0000 2020,#Fortnite #XboxShare https://t.co/TQbMb4DsmC,0.0,0.0
1114,Sat Apr 25 15:25:13 +0000 2020,RT @Alex_COS14: #Concours #Fortnitetravisscott #FortniteGagne le pack Travis Scott ! 🎁2 GAGNANTS !!!-#Follow @Alex_COS14- #RT ce twee…,0.0,0.0
1115,Sat Apr 25 15:25:14 +0000 2020,RT @Sweazyleaks: @FortniteGame https://t.co/ljKtKQELR7,0.0,0.0
1116,Sat Apr 25 15:25:15 +0000 2020,#NintendoSwitch #fortnite https://t.co/5Ro48C6G0p,0.0,0.0
1117,Sat Apr 25 15:25:15 +0000 2020,During the #Astronomical show #Fortnite #NintendoSwitch https://t.co/CTVYXF8Z1s,0.0,0.0
1118,Sat Apr 25 15:25:18 +0000 2020,#Fortnite #XboxShare https://t.co/5Px1og5p5a,0.0,0.0
1119,Sat Apr 25 15:25:18 +0000 2020,RT @Sweazyleaks: What event was better for you? #Fortnite Like= marshmello Retweet = Travis scott https://t.co/k2nriWfHKH,0.5,0.5
1120,Sat Apr 25 15:25:28 +0000 2020,馬鹿がふざけていますね。とても不愉快。#PS4share#Fortnite#フォートナイトhttps://t.co/Fncw5P5WVd https://t.co/x1sSjfbIRq,0.0,0.0
1121,Sat Apr 25 15:25:32 +0000 2020,"今日のフォートのナイト「マイダスのミッション」後半戦#1:最初ここでダンスするまでツルハシは振れない、宝箱は開けられないの操作不能状態に…エモートしたら(?)直った#2,3:今回も引き続きデュオでやったけど、勝てなかった#… https://t.co/3QH6AOFA89",0.0,0.0
1122,Sat Apr 25 15:25:32 +0000 2020,RT @AlmostAliceYT: Back on #Fortnite drawings again because why not :D #FortniteArt https://t.co/fF5lwX23qO,0.5,0.5
1123,Sat Apr 25 15:25:33 +0000 2020,"(Sem Surpresa.)  Aparentemente, O bug do Replay do Astronomical não foi corrigido. A Tempestade continua nos Replays. #Fortnite",0.0,0.0
1124,Sat Apr 25 15:25:33 +0000 2020,RT @ToshiOwO: fortniteのワンタイムイベントめっちゃ凄かった！！epicさんマジで感謝です🙇‍♀️#fortnite,0.0,0.0
1125,Sat Apr 25 15:25:36 +0000 2020,"Senza sudore, umori, pogatori d'assalto, bassi nel petto, con la carne in lockdown, ma oh accompagnare il bimbo al… https://t.co/LSYjRV6hn0",0.0,0.0
1126,Sat Apr 25 15:25:36 +0000 2020,RT @Egypt_Kaori: 負けたら棺桶逝きのタイマン場【島コード 4101-0084-7706】#FortniteChapter2 #Fortnite #フォートナイト https://t.co/mjekWfSTGm,0.0,0.0
1127,Sat Apr 25 15:25:40 +0000 2020,RT @AniaAc: Cuando al único sitio al que puedes irte de fiesta es al #Fortnite 🤣 #fortnitextravisscott https://t.co/ZZZSPLFdZR,0.0,0.0
1128,Sat Apr 25 15:25:40 +0000 2020,RT @MeriStation: Ya puedes descargar en tu móvil Android #Fortnite desde Google Play... o puede que no. Estos son sus requisitos https://t…,0.0,0.0
1129,Sat Apr 25 15:25:41 +0000 2020,"RT @PopCrave: Travis Scott’s “goosebumps,” “SICKO MODE” and “HIGHEST IN THE ROOM” re-enter the Top 10 of US Spotify following his ‘Astronom…",0.25,0.3
1130,Sat Apr 25 15:25:43 +0000 2020,RT @jylupp: • Like and retweets appreciated🏆😇 #apexjy #Fortnite @officialapexgg @dtwtf @apexgiggy @Faded_ @diamond45k @haytsuu @ApexKeys @A…,0.0,0.0
1131,Sat Apr 25 15:25:45 +0000 2020,RT @themarsowy: react#fortnite #fortniteart #fortniteblender #fortnite3d #fortnitehaze https://t.co/5DiRGzwuo4,0.0,0.0
1132,Sat Apr 25 15:25:45 +0000 2020,#Fortnite #フォトナ #フォートナイト この辺一番すげえええってなった。惑星出てきたところは、神秘的だなって。ずっと頭の中で惑星ループ流れてました。演出すげえ。 https://t.co/m4NRzzMi2C,0.0,0.0
1133,Sat Apr 25 15:25:46 +0000 2020,実績とります( ◜ω◝ )【修行雑談】デュオ白武器縛り！ビクロイ取れるまで終われないのでねむれない子おいで！初見さん常連さん大歓迎！(｢･ω･)｢ https://t.co/MQNtxDcsXB @YouTubeより… https://t.co/2Fy3HZ7IFA,0.0,0.0
1134,Sat Apr 25 15:25:51 +0000 2020,RT @tfp_esports: Today is TFP day over @MVGCharity ! The link is in the bio!Be sure to stop in and support a great cause.#charity #mv…,0.65,0.8194444444444444
1135,Sat Apr 25 15:25:51 +0000 2020,📢 I'm starting 🔴 LIVE on #Fortnite !  https://t.co/IRV9fd5L4b #wizebot #twitch,0.08522727272727272,0.3
