tweet_count,created_at,text,polarity,subjectivity
408,Sat Apr 25 15:06:00 +0000 2020,#Astronomical LETS GOOOOO,0.0,0.0
409,Sat Apr 25 15:06:05 +0000 2020,#Burrra #pcgaming #gaming #gamer #ps #pc #xbox #videogames #pcgamer #twitch #playstation #game #xboxone #fortnite… https://t.co/72q0klusnj,-0.4,0.4
410,Sat Apr 25 15:06:05 +0000 2020,ワンタイム、リベンジに来たw#fortnite #フォートナイト #ワンタイム #フォートナイトワンタイム https://t.co/ZjOKP65PJw,0.0,0.0
411,Sat Apr 25 15:06:08 +0000 2020,RT @SSSanger17: come enjoy the stream :) #Fortnite https://t.co/TdIdieGngW@TwitchSharing @SupportStreamz @TwitchSIE#twitchstreamer #stre…,0.45,0.75
412,Sat Apr 25 15:06:10 +0000 2020,RT @GriziEsport: 💥 Bienvenue dans la Team @griziesport :🐧 @BadSniper🎥 @Rimey_ #Iceinourveins #GriziEsport #Fortnite https://t.co/lTLQF6…,0.0,0.0
413,Sat Apr 25 15:06:10 +0000 2020,#fornite #TravisScott https://t.co/phIDsf4yqf,0.0,0.0
414,Sat Apr 25 15:06:12 +0000 2020,TRAVIS SCOTT EVENT NOW!!! https://t.co/7SVrJLAnBg #fortnite #SmallStreamerCommunity,0.0,0.0
415,Sat Apr 25 15:06:12 +0000 2020,RT @Egypt_Kaori: 負けたら棺桶逝きのタイマン場【島コード 4101-0084-7706】#FortniteChapter2 #Fortnite #フォートナイト https://t.co/mjekWfSTGm,0.0,0.0
416,Sat Apr 25 15:06:20 +0000 2020,#Fortnite #XboxShare https://t.co/WtIDxr3AAj,0.0,0.0
417,Sat Apr 25 15:06:21 +0000 2020,RT @Egypt_Kaori: 負けたら棺桶逝きのタイマン場【島コード 4101-0084-7706】#FortniteChapter2 #Fortnite #フォートナイト https://t.co/mjekWfSTGm,0.0,0.0
418,Sat Apr 25 15:06:24 +0000 2020,Taking in the Travis Scott concert with my nephew. #Fortnite #travisscottfortnite https://t.co/RVYZSXZwgD,0.0,0.0
419,Sat Apr 25 15:06:25 +0000 2020,Just uploaded a new video from playing #Fortnite on my #YouTube channel. Swing by &amp; check it out. #xboxone   https://t.co/waAITFzMgy,0.13636363636363635,0.45454545454545453
420,Sat Apr 25 15:06:25 +0000 2020,RT @futasunstrider: Looks Like Working As A Shepard Had Something Else To It?(Went back to sfm for dis one)Request for: @Klutch564 #SF…,0.0,0.0
421,Sat Apr 25 15:06:28 +0000 2020,[フォートナイト]【視聴者参加型】ぴいえむの裏切り！許すまじ！#Fortnite ＃フォートナイト https://t.co/8qSWdqZqfK @YouTubeさんから,0.0,0.0
422,Sat Apr 25 15:06:29 +0000 2020,@Fortnite_ES @FortniteGame  @trvisXX  💥🚀🔝 #fortnite #fortniteSeDerrite https://t.co/P4aXWgvlfF,0.0,0.0
423,Sat Apr 25 15:06:29 +0000 2020,RT @nighty_06: いいねRTお願いします,0.0,0.0
424,Sat Apr 25 15:06:31 +0000 2020,LEARNING HOW TO  BECOME A SWEATY BOY 101 #fortnite #Norcalgrind https://t.co/Hm0M2GCeuK via @YouTube if you missed… https://t.co/WNN7NE6fBM,0.0,0.0
425,Sat Apr 25 15:06:32 +0000 2020,"RT @Odde_R6: ▶️HOLAAAAP◀️Que sepáis que en 1 horita, tenéis cita en el canal de Wygers para ver este directazo ⬇️ #SHOOTERCHALLENGE 👀",0.0,0.0
426,Sat Apr 25 15:06:34 +0000 2020,Today I will be doing all my #fortnite challenges .,0.0,0.0
427,Sat Apr 25 15:06:35 +0000 2020,2回目のワンタイムギダーーーー😭🎊🤤👏#Fortnite#フォートナイト,0.0,0.0
428,Sat Apr 25 15:06:37 +0000 2020,Banner para feed - @s4ntos_design..#logo #logoesports #esports #design #designer #fortnite #clashroyale #pubg … https://t.co/g4L82JfcaK,0.0,0.0
429,Sat Apr 25 15:06:37 +0000 2020,#フォロバ100#フォロバ100パーセント #フォロバ#Fortnite#Fortniteフォロバ#Fortniteフォロバ100#フォロー返し#相互フォロー#固定リツイート #固定ツイートをRT #固定RT,0.0,0.0
430,Sat Apr 25 15:06:41 +0000 2020,RT @PersonSmiling: Hemos trabajado un montonazo para hacer esto posible y no podría hacerme más ilusión ver el resultado.Hoy a las 18:00…,0.0,0.0
431,Sat Apr 25 15:06:44 +0000 2020,Is this what Travis meant by highest in the room? #fortnite https://t.co/2c1U9OOdFw,0.0,0.0
432,Sat Apr 25 15:06:47 +0000 2020,Erstmal #TravisScott im #Fortnite Live Event watchen wie so 1 Pro Gamer.,0.13636363636363635,0.5
433,Sat Apr 25 15:06:48 +0000 2020,"RT @OzurianArt: Crystal, from Fortnite! 😋#Fortnite #FortniteArt #SixFanart #SixFanartChallenge https://t.co/mbQe7mUHRl",0.0,0.0
434,Sat Apr 25 15:06:59 +0000 2020,やり方ぜんっぜんわからんけど友達はできた#Fortnite https://t.co/eI5sRlSYGL,0.0,0.0
435,Sat Apr 25 15:07:06 +0000 2020,"RT @Odde_R6: ▶️HOLAAAAP◀️Que sepáis que en 1 horita, tenéis cita en el canal de Wygers para ver este directazo ⬇️ #SHOOTERCHALLENGE 👀",0.0,0.0
436,Sat Apr 25 15:07:08 +0000 2020,"RT @OzurianArt: Crystal, from Fortnite! 😋#Fortnite #FortniteArt #SixFanart #SixFanartChallenge https://t.co/mbQe7mUHRl",0.0,0.0
437,Sat Apr 25 15:07:08 +0000 2020,フォートナイトのクラン作りますや名前は【AegisEmpepor】・特に制限はありません・ディスコ必須・クラン戦や賞金付きにでます・入りたい方はDMへ#Fortnite#クラメン募集#仲良くしよや#フォートナイトクラン募集#フォートナイトクラメン募集やほ,0.0,0.0
438,Sat Apr 25 15:07:09 +0000 2020,https://t.co/91PEKpJDoS#フォートナイト#FORTNITE#ps4#pad,0.0,0.0
439,Sat Apr 25 15:07:14 +0000 2020,#Fortnite #XboxShare https://t.co/tpyFUG6wtM,0.0,0.0
440,Sat Apr 25 15:07:14 +0000 2020,RT @Egypt_Kaori: 負けたら棺桶逝きのタイマン場【島コード 4101-0084-7706】#FortniteChapter2 #Fortnite #フォートナイト https://t.co/mjekWfSTGm,0.0,0.0
441,Sat Apr 25 15:07:16 +0000 2020,フォートナイトのクラン作りますや名前は【AegisEmpepor】・特に制限はありません・ディスコ必須・クラン戦や賞金付きにでます・入りたい方はDMへ#Fortnite#クラメン募集#仲良くしよや#フォートナイトクラン募集#フォートナイトクラメン募集する,0.0,0.0
442,Sat Apr 25 15:07:17 +0000 2020,RT @Egypt_Kaori: 負けたら棺桶逝きのタイマン場【島コード 4101-0084-7706】#FortniteChapter2 #Fortnite #フォートナイト https://t.co/mjekWfSTGm,0.0,0.0
443,Sat Apr 25 15:07:20 +0000 2020,RT @Egypt_Kaori: 負けたら棺桶逝きのタイマン場【島コード 4101-0084-7706】#FortniteChapter2 #Fortnite #フォートナイト https://t.co/mjekWfSTGm,0.0,0.0
444,Sat Apr 25 15:07:22 +0000 2020,Streaming on mixer #TravisScott user WildBunnyArts,0.0,0.0
445,Sat Apr 25 15:07:22 +0000 2020,"2, my son wanted me to share his livestream of @trvisXX #Fortnite event happening now. They done good with this on… https://t.co/VHS1EYMSV9",0.7,0.6000000000000001
446,Sat Apr 25 15:07:24 +0000 2020,Fiquei pistola Ft. Chiquinha do chaves🔫🔫🔫#fortnite #fortnitebr #fortnitememes #fortnitenews #fortniteclips… https://t.co/F1n9xkdv3m,0.0,0.0
447,Sat Apr 25 15:07:26 +0000 2020,RT @AmoraArtwork: #Rox showing off (#Fortnite) all versions https://t.co/JmUbW4gVhk,0.0,0.0
448,Sat Apr 25 15:07:26 +0000 2020,#LadyGaga will do an appearance on #TikTok and on #Fortnite in June for the promotion of #Chromatica ! Also Gaga an… https://t.co/FcEHNgGTuv,0.0,0.0
449,Sat Apr 25 15:07:30 +0000 2020,RT @Egypt_Kaori: 負けたら棺桶逝きのタイマン場【島コード 4101-0084-7706】#FortniteChapter2 #Fortnite #フォートナイト https://t.co/mjekWfSTGm,0.0,0.0
450,Sat Apr 25 15:07:35 +0000 2020,Oiiii @trvisXX show on #Fortnite is sickkkkk 👌🏼 🎧 🌍,0.0,0.0
451,Sat Apr 25 15:07:35 +0000 2020,RT @TeamEvolutionE2: N’oubliez pas de vous inscrire à notre #Cup #Fortnite du 04/05 en duo et à 21h ! 👉Mentionne ton duo et rend toi sur…,0.0,0.0
452,Sat Apr 25 15:07:37 +0000 2020,#Fortnite女子自撮りマジで上手いんです俺 https://t.co/lw78Th9SFT,0.0,0.0
453,Sat Apr 25 15:07:38 +0000 2020,"RT @RedTR_: 1X Psycho Bundle, 1X Honor Guard,  1X Neo Versa, 3K V-Bucks, 5$ and 1 mystery Box🔥 6 Winners -Must be following: me @RedTR_ ,…",0.0,0.1
454,Sat Apr 25 15:07:47 +0000 2020,Worst game going can’t even watch the event #fortnite #broken #worstgame https://t.co/7y15QWvbdp,-0.6,0.6
455,Sat Apr 25 15:07:50 +0000 2020,RT @jaydastorm13: Gonna go to the event again with @StrongAsStorm @Connor_Smoke1 and @THELiamMercer #Fortnite #travisscottfortnite,0.0,0.0
456,Sat Apr 25 15:07:52 +0000 2020,Detected AES Change:New aes key for #Fortnite v12.70:aeskeyhereWhat's an AES key?https://t.co/oxjw44F3AK,0.0,1.0
457,Sat Apr 25 15:07:59 +0000 2020,We are in quite the predicament. We have spent the last year and a half focusing on competitive #Fortnite ... We… https://t.co/r4mdWxwNiz,-0.08888888888888889,0.11111111111111112
458,Sat Apr 25 15:08:03 +0000 2020,https://t.co/xAThDhXeMe#Fortnite #travisscottfortnite,0.0,0.0
459,Sat Apr 25 15:08:04 +0000 2020,RT @FNTCrazy_: Highlights de algunos de mis tiros con heavy.#fortnitextravisscott #fortnite https://t.co/8BO0JkWIDC,0.0,0.0
460,Sat Apr 25 15:08:07 +0000 2020,優しい世界#fortnite#ワンタイム https://t.co/KZjs3JQiKz,0.0,0.0
461,Sat Apr 25 15:08:11 +0000 2020,RT @Eden_Koketann: #フォロバ100#フォロバ100パーセント #フォロバ#Fortnite#Fortniteフォロバ#Fortniteフォロバ100#フォロー返し#相互フォロー#固定リツイート #固定ツイートをRT #固定RT,0.0,0.0
462,Sat Apr 25 15:08:12 +0000 2020,RT @Egypt_Kaori: 負けたら棺桶逝きのタイマン場【島コード 4101-0084-7706】#FortniteChapter2 #Fortnite #フォートナイト https://t.co/mjekWfSTGm,0.0,0.0
463,Sat Apr 25 15:08:14 +0000 2020,RT @ohRampz: I'll give 13.5k V-Bucks(applied) to someone that retweets this Tweet within the next 24hMust be following @SiovoSells+@Surfe…,0.0,0.05
464,Sat Apr 25 15:08:14 +0000 2020,"RT @MrExclusive666: New video out!! Feel like we’re improving on the content, tell me what you think! https://t.co/yUVP5JdfbEYou asked fo…",0.26633522727272724,0.45454545454545453
465,Sat Apr 25 15:08:15 +0000 2020,#オナーガード販売 1お値段・4000円当店は❏#迅速な対応❏ #未成年の方でも安心❏ #実績が多数あり安心購入or相談などはDMまで#業者最安値 #Fortnite #フォートナイト… https://t.co/eruPjK4TuH,0.0,0.0
466,Sat Apr 25 15:08:16 +0000 2020,#フォートナイトイラスト　#fortniteクラン募集 #フォトナ #絵師さん募集　#絵師さん　#クラメン募集　#フォートナイト　#絵師さんと繋がりたい https://t.co/tM8ZtfztaA,0.0,0.0
467,Sat Apr 25 15:08:23 +0000 2020,RT @Egypt_Kaori: 負けたら棺桶逝きのタイマン場【島コード 4101-0084-7706】#FortniteChapter2 #Fortnite #フォートナイト https://t.co/mjekWfSTGm,0.0,0.0
468,Sat Apr 25 15:08:25 +0000 2020,📢 Je suis en 🔴 LIVE sur #Fortnite ! https://t.co/ck36uDCjnI #wizebot #twitch,0.17045454545454544,0.5
469,Sat Apr 25 15:08:29 +0000 2020,RT @Reborn77627918: #フォートナイトイラスト　#fortniteクラン募集 #フォトナ #絵師さん募集　#絵師さん　#クラメン募集　#フォートナイト　#絵師さんと繋がりたい https://t.co/tM8ZtfztaA,0.0,0.0
470,Sat Apr 25 15:08:29 +0000 2020,RT @Egypt_Kaori: 負けたら棺桶逝きのタイマン場【島コード 4101-0084-7706】#FortniteChapter2 #Fortnite #フォートナイト https://t.co/mjekWfSTGm,0.0,0.0
471,Sat Apr 25 15:08:34 +0000 2020,#fortnite #PS4share https://t.co/RIT3VVDBsK,0.0,0.0
472,Sat Apr 25 15:08:34 +0000 2020,ライブなう！最高！#フォトナ#Fortnite https://t.co/U2ZdPfuZNE,0.0,0.0
473,Sat Apr 25 15:08:37 +0000 2020,ワンタイム見てる前のスターウォーズのより全然いいわ#Fortnite #フォートナイト,0.0,0.0
474,Sat Apr 25 15:08:38 +0000 2020,RT @Egypt_Kaori: 負けたら棺桶逝きのタイマン場【島コード 4101-0084-7706】#FortniteChapter2 #Fortnite #フォートナイト https://t.co/mjekWfSTGm,0.0,0.0
475,Sat Apr 25 15:08:41 +0000 2020,#fortnite Travis scotts “music” is terrible but that event is awesome.,0.0,1.0
476,Sat Apr 25 15:08:44 +0000 2020,ワードウルフ開催！ / #Fortnite 垂れ流し https://t.co/1PRO6Lda85,0.0,0.0
477,Sat Apr 25 15:08:45 +0000 2020,Fortnite Travis Scott Live Event https://t.co/wLa7OValH1#SaturdayMotivation #Fortnite #travisscottfortnite… https://t.co/tgwc2NF4Q2,0.13636363636363635,0.5
478,Sat Apr 25 15:08:46 +0000 2020,📢 I'm 🔴 LIVE on #Fortnite ! https://t.co/IZ3khZUrMw #wizebot #twitch,0.17045454545454544,0.5
479,Sat Apr 25 15:08:49 +0000 2020,#Fortnite女子僕マジで自撮りうめぇわ(笑) https://t.co/YAX7aF0ZK4,0.0,0.0
480,Sat Apr 25 15:09:07 +0000 2020,RT @JuicyJustin1731: Saturday-Mood-Giveaway 🌇1 SHOP ITEM OF UR CHOICE 🔥To qualify: 1. • Like &amp; RT 💭2. • Follow @JuicyJustin1731 &amp; @U…,0.0,0.0
481,Sat Apr 25 15:09:11 +0000 2020,RT @Egypt_Kaori: 負けたら棺桶逝きのタイマン場【島コード 4101-0084-7706】#FortniteChapter2 #Fortnite #フォートナイト https://t.co/mjekWfSTGm,0.0,0.0
482,Sat Apr 25 15:09:19 +0000 2020,"Qué molleja de buena idea. Está arrechísimo.Si @sanbenito hace esto, tendré que ponerme a jugar Fortnite.",0.0,0.0
483,Sat Apr 25 15:09:21 +0000 2020,RT @Egypt_Kaori: 負けたら棺桶逝きのタイマン場【島コード 4101-0084-7706】#FortniteChapter2 #Fortnite #フォートナイト https://t.co/mjekWfSTGm,0.0,0.0
484,Sat Apr 25 15:09:24 +0000 2020,RT @Xuoxol: #Fortnite女子僕マジで自撮りうめぇわ(笑) https://t.co/YAX7aF0ZK4,0.0,0.0
485,Sat Apr 25 15:09:29 +0000 2020,concert was lit. #travisscott #fortnite #ASTROWORLD https://t.co/6ePZ64G6No,0.0,0.0
486,Sat Apr 25 15:09:29 +0000 2020,#AnimalCrossingNewHorizons #Netflix #NewYork #sellingcontent #WWG1WGA #lysol #TheCloneWars #TheLastDance… https://t.co/tOYbmbk098,0.0,0.0
487,Sat Apr 25 15:09:33 +0000 2020,#Fortnite when you lose connection to the Travis Scott event... 😢😢,0.0,0.0
488,Sat Apr 25 15:09:33 +0000 2020,"Woah! This pickaxe will basically be a championship belt, passed on to the next winners.",0.0,0.0
489,Sat Apr 25 15:09:34 +0000 2020,#フォートナイトアカウント販売s2青騎士男＆女有りs3~チャプター2シーズン1コンプ他スキン動画参照メアパス変更可能 対応機種Xbox以外対応値段7000円質問や購入希望者はDMへ#Fortnite… https://t.co/sKU3SEYROF,0.0,0.0
490,Sat Apr 25 15:09:35 +0000 2020,Close to 500! Lest go! Hot that follow button join the crazy journey 🐨....#twitch #gaming #gamer… https://t.co/tYIqpAsULi,-0.175,0.875
491,Sat Apr 25 15:09:39 +0000 2020,RT @S1AN4E: S1AN4E HighlightRT＆LIKE please#S1AN4ETV#フォートナイト #Fortnite https://t.co/95j2E5f5sE,0.0,0.0
492,Sat Apr 25 15:09:40 +0000 2020,Connection was lost during my stream. No worries eating a quick lunch and firing up #fortnite with the bro’s next 🔥,0.16666666666666666,0.25
493,Sat Apr 25 15:09:41 +0000 2020,#AnimalCrossingNewHorizons #Netflix #NewYork #sellingcontent #WWG1WGA #lysol #TheCloneWars #TheLastDance… https://t.co/o4J7Ji3pJY,0.0,0.0
494,Sat Apr 25 15:09:45 +0000 2020,何このマップwwwwww,0.0,0.0
495,Sat Apr 25 15:09:46 +0000 2020,RT @Egypt_Kaori: 負けたら棺桶逝きのタイマン場【島コード 4101-0084-7706】#FortniteChapter2 #Fortnite #フォートナイト https://t.co/mjekWfSTGm,0.0,0.0
496,Sat Apr 25 15:09:49 +0000 2020,RT @FN_TULIO: 【ファンタスティック3色パン】Tulio highlight #2Like＆RT plzpc移行してから初めてのハイライトです！#fortnite#フォートナイト#乃木坂46 https://t.co/U0CFSSbwUN,0.0,0.0
497,Sat Apr 25 15:09:50 +0000 2020,RT @L0wfy: #Fortnite女子自撮りマジで上手いんです俺 https://t.co/lw78Th9SFT,0.0,0.0
498,Sat Apr 25 15:09:51 +0000 2020,📢 Je démarre un 🔴 LIVE sur #Fortnite ! https://t.co/1w7o3v5gsY #wizebot #twitch,0.17045454545454544,0.5
499,Sat Apr 25 15:09:52 +0000 2020,These SchoolgirlsRead more: https://t.co/TKjbIB7ETw#funny #meme #facts #news #viral #trending #fortnite #F… https://t.co/zMRxjEg0UX,0.5,0.5
500,Sat Apr 25 15:09:54 +0000 2020,フォートナイトのクラン作ります名前は【AegisEmpepor】・特に制限はありません・ディスコ必須・クラン戦や賞金付きにでます・入りたい方はDMへ#Fortnite#クラメン募集#仲良くしよや#フォートナイトクラン募集#フォートナイトおなしゃす,0.0,0.0
501,Sat Apr 25 15:09:56 +0000 2020,RT @88Keys_No_Locks: Fortnite really went crazy with this!!! #TravisScott Fortnite https://t.co/DEHCPlrRVx,-0.4,0.55
502,Sat Apr 25 15:09:57 +0000 2020,【🐺ワードウルフ🐺】GM:フリスクPlayer:りょーちゃん、てらじぃ、かずお、わるちゃん,0.0,0.0
503,Sat Apr 25 15:10:02 +0000 2020,RT @LUCAS_ezs: 【Break Shit】Lucas Highights#2 pleas           ❤️&amp;♻️                    間違えてツイ消ししてしまいました😁#Fortnite#fortnitekill#フォートナ…,0.0,0.0
504,Sat Apr 25 15:10:03 +0000 2020,#Fortnite | Tournaments🕒EST11:30AM 1v1 KILL RACE🌐1:30PM 1v1 BOX FIGHT🌐3:30PM 1v1 KILL RACE🌐5:30PM 2v2 KILL R… https://t.co/nYLy4FTAoZ,0.0,0.0
505,Sat Apr 25 15:10:06 +0000 2020,RT @ohRampz: I'll give 13.5k V-Bucks(applied) to someone that retweets this Tweet within the next 24hMust be following @SiovoSells+@Surfe…,0.0,0.05
506,Sat Apr 25 15:10:06 +0000 2020,フォートナイトのクラン作ります名前は【AegisEmpepor】・特に制限はありません・ディスコ必須・クラン戦や賞金付きにでます・入りたい方はDMへ#Fortnite#クラメン募集#仲良くしよや#フォートナイトクラン募集#フォートナイトはいって,0.0,0.0
507,Sat Apr 25 15:10:09 +0000 2020,RT @Egypt_Kaori: 負けたら棺桶逝きのタイマン場【島コード 4101-0084-7706】#FortniteChapter2 #Fortnite #フォートナイト https://t.co/mjekWfSTGm,0.0,0.0
508,Sat Apr 25 15:10:12 +0000 2020,Enjoying the #Fortnitetravisscott live event. Super cool. Do I get extra mum points for playing #fortnite?,0.263939393939394,0.5033333333333333
509,Sat Apr 25 15:10:14 +0000 2020,This Travis Scott event on Fortnite is pretty impressive......well it is according to my boys!! #travisscottfortnite #TravisScott,0.390625,1.0
510,Sat Apr 25 15:10:14 +0000 2020,It’s lit!!! #Fortnite https://t.co/lcHdUTTSdI,0.0,0.0
511,Sat Apr 25 15:10:16 +0000 2020,"RT @nerdyconperro: Qué molleja de buena idea. Está arrechísimo.Si @sanbenito hace esto, tendré que ponerme a jugar Fortnite. https://t.co/…",0.0,0.0
512,Sat Apr 25 15:10:20 +0000 2020,Just uploaded a new FORTNITE video on the channel. I hope you enjoy my silly reaction to the Travis Scott event. (I… https://t.co/QKWLin5l1S,0.012121212121212125,0.6098484848484849
513,Sat Apr 25 15:10:20 +0000 2020,"【宣伝】1【“#フォートナイト“の正規垢を購入、お探しの方へ】▪︎@247255 にて、様々なフォートナイト,アカウントの販売をしております。【検索用】#Fortnite#フォートナイト垢販売… https://t.co/8uEDJ4a8Pq",0.0,0.0
514,Sat Apr 25 15:10:21 +0000 2020,フォートナイトのクラン作ります！名前は【AegisEmpepor】・特に制限はありません・ディスコ必須・クラン戦や賞金付きにでます・入りたい方はDMへ#Fortnite#クラメン募集#仲良くしよや#フォートナイトクラン募集#フォートナイト,0.0,0.0
515,Sat Apr 25 15:10:22 +0000 2020,Live for the event ! https://t.co/p9Jybv1iwr #trippy #fortnite #supportsmallstreamers,0.17045454545454544,0.5
516,Sat Apr 25 15:10:22 +0000 2020,NO WAY THE OLD MAP IS BACK #FORTNITE,0.05,0.1
517,Sat Apr 25 15:10:22 +0000 2020,■【フォートナイト正規垢買取】■1▪︎飽きてしまった方や、辞める方など使わない正規垢がありましたら買取させていただきます。【検索用】#フォートナイト#Fortnite#フォートナイトギフト#フォートナイト女子… https://t.co/oQJSe2W7AB,0.0,0.0
518,Sat Apr 25 15:10:25 +0000 2020,RT @Eden_Koketann: #フォロバ100#フォロバ100パーセント #フォロバ#Fortnite#Fortniteフォロバ#Fortniteフォロバ100#フォロー返し#相互フォロー#固定リツイート #固定ツイートをRT #固定RT,0.0,0.0
519,Sat Apr 25 15:10:32 +0000 2020,Fix your game just ruined everything #fortnite #fixit #travisscott #broken #LiveEvent https://t.co/dKoWZ1nEZD,-0.4,0.4
520,Sat Apr 25 15:10:35 +0000 2020,RT @88Keys_No_Locks: Fortnite really went crazy with this!!! #TravisScott Fortnite https://t.co/DEHCPlrRVx,-0.4,0.55
521,Sat Apr 25 15:10:36 +0000 2020,RT @03uan: Is this what Travis meant by highest in the room? #fortnite https://t.co/2c1U9OOdFw,0.0,0.0
522,Sat Apr 25 15:10:37 +0000 2020,Boooordel le concert de Travis Scott est trooop stylé #Fortnite,0.0,0.0
523,Sat Apr 25 15:10:44 +0000 2020,RT @giroostar: 📢 Ich bin 🔴 LIVE auf  !  https://t.co/7kIV4CUryx  #supportsmallstreamers #twitch #youtube #live #video #streaming #playing #…,0.15340909090909088,0.5
524,Sat Apr 25 15:10:51 +0000 2020,RT @himechan___JP: ヘンチマンほんまにアリーナから消すべきです。こんな死に方見たことない方はRTお願いします・・・#Fortnite #フォートナイト https://t.co/pZJRRqv9XI,0.0,0.0
525,Sat Apr 25 15:10:52 +0000 2020,Actuación de Travis Scott en #fortnite Tendremos que acostumbrarnos... https://t.co/cEPvTuhEk6,0.0,0.0
526,Sat Apr 25 15:10:52 +0000 2020,We live with that Travis Scott Event!! Let's go!! #Fortnite #TravisScott #Mixer #Xbox https://t.co/8BDBsAKBf6,0.33291903409090906,0.5
527,Sat Apr 25 15:10:54 +0000 2020,RT @GameWith_fn: Fortnite×Travis Scott: Astronomical 公式トレイラー！🔥🔥#Fortnite #フォートナイト https://t.co/JU9LA1a4TQ,0.0,0.0
528,Sat Apr 25 15:10:59 +0000 2020,RT @FortniteEsp_: ¿Que os ha parecido el Concierto? #Fortnite? https://t.co/ap73s3dYF4,0.0,0.0
529,Sat Apr 25 15:11:00 +0000 2020,RT @lokk_9: ماشفته وهو راقي الدرج بس لقمته بالونق خليته يصيح !!🔥🔥                                         #ApexLedgends…,0.0,0.0
530,Sat Apr 25 15:11:00 +0000 2020,It’s Lit!! 🔥 🤟🏾😝#Astronomical #Fortnite https://t.co/3vHhI1QIhb,0.0,0.0
531,Sat Apr 25 15:11:00 +0000 2020,LIVE NOW ON #Fortnite ONLY TO WATCH THIS TRAVIS SCOT THING AND THEN TO #Warzone 🔥#TWITCH LINK IN MY BIO⚠️ https://t.co/DVKRL3kNRr,0.06818181818181818,0.75
532,Sat Apr 25 15:11:05 +0000 2020,Check out this #GiveAway of  Free @season2 #battlepass by @MulanGirls  for #Fortnite  #Gamershttps://t.co/vdUjGBujQB,0.4,0.8
533,Sat Apr 25 15:11:09 +0000 2020,E o evento do travis scott no fortnite faz TUDOOOOO #fornite #travisscott #ASTROWORLD,0.0,0.0
534,Sat Apr 25 15:11:13 +0000 2020,"RT @Merl: Woah! This pickaxe will basically be a championship belt, passed on to the next winners.",0.0,0.0
535,Sat Apr 25 15:11:20 +0000 2020,そういやイベント参加出来たんだけど、新曲発表をゲーム内でするとか今どきやなぁ！楽しかった♪#PS4share #Fortnite https://t.co/xgXc6kLx5i,0.0,0.0
536,Sat Apr 25 15:11:20 +0000 2020,RT @ondradvorak3: Check out this #GiveAway of  Free @season2 #battlepass by @MulanGirls  for #Fortnite  #Gamershttps://t.co/vdUjGBujQB,0.4,0.8
537,Sat Apr 25 15:11:20 +0000 2020,RT @DarielaSosa: 🤯Más postales de 2020: El rapero Travis Scott (@trvisXX) estrenó una canción dentro del videojuego #Fortnite. A su prime…,0.0,0.0
538,Sat Apr 25 15:11:22 +0000 2020,#evenement #fortnite #concert mon fils est à fond... https://t.co/dRlkhEJGzb,0.0,0.0
539,Sat Apr 25 15:11:23 +0000 2020,This @trvisXX show on  #Fortnite nice af,0.6,1.0
540,Sat Apr 25 15:11:28 +0000 2020,RT @NesterRainy: Rainy Highlights #5　YOUTUBE https://t.co/LAUonWL3UdRTといいねお願いします🙏#Fortnite https://t.co/rQtnQwsUZP,0.0,0.0
541,Sat Apr 25 15:11:35 +0000 2020,RT @themarsowy: react#fortnite #fortniteart #fortniteblender #fortnite3d #fortnitehaze https://t.co/5DiRGzwuo4,0.0,0.0
542,Sat Apr 25 15:11:37 +0000 2020,RT @Egypt_Kaori: 負けたら棺桶逝きのタイマン場【島コード 4101-0084-7706】#FortniteChapter2 #Fortnite #フォートナイト https://t.co/mjekWfSTGm,0.0,0.0
543,Sat Apr 25 15:11:39 +0000 2020,RT @heyhaylez: Live for the event ! https://t.co/p9Jybv1iwr #trippy #fortnite #supportsmallstreamers,0.17045454545454544,0.5
544,Sat Apr 25 15:11:45 +0000 2020,RT @Raff1a: FORTNITE Highlight今回編集がんばりました。短いので是非見ていってください🙇RT&amp;いいね✨お願いします🛶#fortniteクラン募集 #fortnite#フォートナイト女子#フォートナイト#フォートナイトキル集#フォー…,0.0,0.0
545,Sat Apr 25 15:11:45 +0000 2020,RT @Garfiel_gh: 生まれつき左手が使えないので、片手操作でがんばっています🔥RTいいねお願いします！#Fortnite       #フォートナイト#拡散希望 https://t.co/R0DBpej32I,0.0,0.0
546,Sat Apr 25 15:11:47 +0000 2020,Regardez [FR][PS4] Fortnite tranquillou #Fortnite #friends #délire #stream #Game #Twitchtv https://t.co/MiamsmoH36,-0.4,0.4
547,Sat Apr 25 15:11:47 +0000 2020,It’s everything!! #fortnite #travisscottfortnite https://t.co/IIADma0nBF,0.0,0.0
548,Sat Apr 25 15:11:47 +0000 2020,When your kid makes you watch the Travis Scott @fortnite event concert 🎤 #travisscottfortnite #TravisScott… https://t.co/7MEtN8PsQO,0.0,0.0
549,Sat Apr 25 15:11:48 +0000 2020,Fortniteのキル集を作ってみました！良かったらいいね、RTお願いします！youtue→https://t.co/OyC37i88E2#フォートナイト#Fortnite#フォートナイトキル集 https://t.co/hU21K51y07,0.0,0.0
550,Sat Apr 25 15:11:51 +0000 2020,#TravisScott #Fortnite https://t.co/tFMqDm4Ubd,0.0,0.0
551,Sat Apr 25 15:11:52 +0000 2020,This .@trvisXX #Astronomical show inside fortnite is wicked af https://t.co/WChZ2m2sBQ,0.0,0.0
552,Sat Apr 25 15:11:54 +0000 2020,盛れない〜😭一応乗せときます🙌 #Fortnite女子 https://t.co/5DTIapTKVm,0.0,0.0
553,Sat Apr 25 15:11:54 +0000 2020,https://t.co/umdNftT6Re HELP MY BOY OUT UP AND COMING COMPETITIVE VALORANT PLAYER BOOBOO KEY HEADASS 👹👹👹… https://t.co/ocBf0EIWeM,0.0,1.0
554,Sat Apr 25 15:11:57 +0000 2020,"RT @GRK_SHOP2: 【宣伝】1【“#フォートナイト“の正規垢を購入、お探しの方へ】▪︎@247255 にて、様々なフォートナイト,アカウントの販売をしております。【検索用】#Fortnite#フォートナイト垢販売#フォートナイトギフト#フォートナ…",0.0,0.0
555,Sat Apr 25 15:11:58 +0000 2020,#fortnite  #travisscottfortnite GROUNDBREAKING,0.0,0.0
556,Sat Apr 25 15:11:59 +0000 2020,RT @YamADa94351154: PS4 Pad 【bad guy】#Fortnite https://t.co/F53gxP4uCn,0.0,0.0
557,Sat Apr 25 15:11:59 +0000 2020,Opened #Fortnite for the first time after started #AnimalCrossing just for this. Every second was spectacular.,0.2833333333333333,0.41111111111111115
558,Sat Apr 25 15:12:02 +0000 2020,"RT @White_Miz: Au programme @TwitchFR aujourd'hui. Petit tour sur #Fortnite pour découvrir le show de Travis Scoot, #Astronomical et ensuit…",0.0,0.0
559,Sat Apr 25 15:12:05 +0000 2020,just took my mans to the travis Scott concert these other bitches can’t compete😍😎💥👊🏼🥵 #fortnite,-0.125,0.375
560,Sat Apr 25 15:12:05 +0000 2020,"RT @HypeeDZN: ""Sicko Mode""-Rendered in Eevee-After seeing so many incredible travis scott piece, i thought id go and make one myself. L…",0.7,0.7
561,Sat Apr 25 15:12:06 +0000 2020,RT @Egypt_Kaori: 負けたら棺桶逝きのタイマン場【島コード 4101-0084-7706】#FortniteChapter2 #Fortnite #フォートナイト https://t.co/mjekWfSTGm,0.0,0.0
562,Sat Apr 25 15:12:06 +0000 2020,"I don't like Fortnite, but that Travis Scott concert thing looks pretty badass. They've gotta do a #Tupac one next.… https://t.co/UgCa8Izv2Z",0.25,1.0
563,Sat Apr 25 15:12:08 +0000 2020,#フォートナイト#勧誘待ち,0.0,0.0
564,Sat Apr 25 15:12:09 +0000 2020,#Fortnite #XboxShare https://t.co/pu7boZEoL1,0.0,0.0
565,Sat Apr 25 15:12:10 +0000 2020,"RT @White_Miz: Au programme @TwitchFR aujourd'hui. Petit tour sur #Fortnite pour découvrir le show de Travis Scoot, #Astronomical et ensuit…",0.0,0.0
566,Sat Apr 25 15:12:10 +0000 2020,Bon ba il y a peut etre pas le printemps de bourge mais il y a le concert de travis cottesur fortnite 😂 #Concert… https://t.co/icb2LttLP6,0.0,0.0
567,Sat Apr 25 15:12:11 +0000 2020,RT @heyhaylez: Live for the event ! https://t.co/p9Jybv1iwr #trippy #fortnite #supportsmallstreamers,0.17045454545454544,0.5
568,Sat Apr 25 15:12:12 +0000 2020,@trvisXX Il a fait fort sur fortnite! 🪐#Astronomical,0.0,0.0
569,Sat Apr 25 15:12:13 +0000 2020,RT @Zelarlyt: 殺気を感じました#Fortnite#フォートナイト https://t.co/UtsTcP4JS0,0.0,0.0
570,Sat Apr 25 15:12:13 +0000 2020,RT @FortniteINTEL: Casuals who just wanted to play one match of #Fortnite before they went to bed 😂Via: u/SlappyHei https://t.co/UMUizb02…,0.0,0.0
571,Sat Apr 25 15:12:21 +0000 2020,Check out my broadcast from my PlayStation 4! #PS4live #Fortnite #TravisScott #Live live at https://t.co/iKVtRGAncZ,0.13636363636363635,0.5
572,Sat Apr 25 15:12:26 +0000 2020,RT @JuicyJustin1731: Saturday-Mood-Giveaway 🌇1 SHOP ITEM OF UR CHOICE 🔥To qualify: 1. • Like &amp; RT 💭2. • Follow @JuicyJustin1731 &amp; @U…,0.0,0.0
573,Sat Apr 25 15:12:26 +0000 2020,Just heard about the 12.50 update for Fortnite!  I'm so pumped!  Who's excited!  A new version of me and the bois c… https://t.co/nMramrRCuj,0.3025568181818182,0.6022727272727273
574,Sat Apr 25 15:12:28 +0000 2020,What`s map is better?Chapter 2 - LikeChapter 1 - Retweet #Fortnite  #Fortniteleaks https://t.co/gztgmcf5ZT,0.0,0.0
575,Sat Apr 25 15:12:29 +0000 2020,RT @Etolixy: #フォートナイト#勧誘待ち,0.0,0.0
576,Sat Apr 25 15:12:30 +0000 2020,How long are these concerts going on for? Travis is grinding 😅 #Fortnite,-0.05,0.4
577,Sat Apr 25 15:12:34 +0000 2020,RT @DarielaSosa: 🤯Más postales de 2020: El rapero Travis Scott (@trvisXX) estrenó una canción dentro del videojuego #Fortnite. A su prime…,0.0,0.0
578,Sat Apr 25 15:12:37 +0000 2020,RT @SizzyLeaks: What`s map is better?Chapter 2 - LikeChapter 1 - Retweet #Fortnite  #Fortniteleaks https://t.co/gztgmcf5ZT,0.0,0.0
579,Sat Apr 25 15:12:39 +0000 2020,RT @FNCreativeHQ: The first team to reach 30 eliminations wins. #fortnite #fornitecreative #creativemode #fortnitevids #fortniteclips #fo…,0.275,0.26666666666666666
580,Sat Apr 25 15:12:46 +0000 2020,Spero che questo non sarà l'unico modo di assistere a dei concerti live in questo 2020 #TravisScott #Fortnite… https://t.co/FvSGPPpJ3j,0.13636363636363635,0.5
581,Sat Apr 25 15:12:47 +0000 2020,RT @Akatsuki_MATU: キル集作りました！！いいね&amp;RTおねがいします！！#fortnite #フォートナイト #フォートナイトキル集 https://t.co/9WdhBC2wip,0.0,0.0
582,Sat Apr 25 15:12:49 +0000 2020,RT @Wwork666: Highlight俺の両手ががエイムアシスト。キーマウ勢が２日間pad使ってみました！すごいですね！　RT、いいねお願いします！#フォートナイトキル集#Fortnite #フォートナイト#フォートナイト募集 https://t.co/K0…,0.0,0.0
583,Sat Apr 25 15:12:51 +0000 2020,"Шоу конечно запилили охренительное, немного не мой формат музыки, но с каким размахом все сделано впечатляет.… https://t.co/pF8BRMtMAF",0.0,0.0
584,Sat Apr 25 15:12:54 +0000 2020,#TravisScott #Fortnite #PS4share https://t.co/F2qe35GMTJ,0.0,0.0
585,Sat Apr 25 15:12:58 +0000 2020,RT @SizzyLeaks: What`s map is better?Chapter 2 - LikeChapter 1 - Retweet #Fortnite  #Fortniteleaks https://t.co/gztgmcf5ZT,0.0,0.0
586,Sat Apr 25 15:12:59 +0000 2020,Выглядит максимально охуенно! #Fortnite https://t.co/hx5f9jztXK,0.0,0.0
587,Sat Apr 25 15:13:01 +0000 2020,#TravisScott #Fortnite ahora,0.0,0.0
588,Sat Apr 25 15:13:02 +0000 2020,Travis Scott releases #Fortnite x Cactus Jack merchandise.Read more: https://t.co/xc5zHni28B,0.5,0.5
589,Sat Apr 25 15:13:03 +0000 2020,Kalix | Highlights #1 #fortnite #Highlights https://t.co/drq5ZsAjcs,0.0,0.0
590,Sat Apr 25 15:13:04 +0000 2020,Streaming some epic content right now guys. Come check it out please and thanks! https://t.co/sEgn4iXbZk… https://t.co/y86CPTtP6w,0.2119047619047619,0.37857142857142856
591,Sat Apr 25 15:13:07 +0000 2020,気になった人はdmしてくだしい#Fortnite #フォトナ　#フォートナイト　#絵師　#絵師さん募集　#絵師さんと繋がりたい　#クラメン募集　#絵師さん https://t.co/kxERVmpMyw,0.0,0.0
592,Sat Apr 25 15:13:08 +0000 2020,"RT @RedTR_: 1X Psycho Bundle, 1X Honor Guard,  1X Neo Versa, 3K V-Bucks, 5$ and 1 mystery Box🔥 6 Winners -Must be following: me @RedTR_ ,…",0.0,0.1
593,Sat Apr 25 15:13:09 +0000 2020,My son is now doing his first ever stream. He’s a #fortnite player if it interests anyone. Feel free to go say hi 😝https://t.co/GIHTRyUq1x,0.325,0.5666666666666667
594,Sat Apr 25 15:13:11 +0000 2020,@SizzyLeaks,0.0,0.0
595,Sat Apr 25 15:13:15 +0000 2020,RT @SizzyLeaks: What`s map is better?Chapter 2 - LikeChapter 1 - Retweet #Fortnite  #Fortniteleaks https://t.co/gztgmcf5ZT,0.0,0.0
596,Sat Apr 25 15:13:16 +0000 2020,RT @MAe5TMEXtwIPI3z: メルカリのでコード打つだけで垢あげます！残り先着5名のみ！DM来て！　#fortnite #フォートナイト#フォートナイトアカウント抽選 #フォートナイトアカウント販売 https://t.co/xCO9YCoslD,0.0,0.0
597,Sat Apr 25 15:13:20 +0000 2020,#meme #memes #funny #dankmemes #memesdaily #funnymemes #lol #dank #humor #follow #like #dankmeme #lmao #love #anime… https://t.co/lluCkNgNCo,0.5375,0.8250000000000001
598,Sat Apr 25 15:13:20 +0000 2020,This #Fortnite #LiveEvent is bonkers.,0.0,0.0
599,Sat Apr 25 15:13:23 +0000 2020,hmm #tindercancelados BBB vírus bbb20 follow trick #followtrick kpop nsfw bolsonaro foraprior thread sdv paredão mu… https://t.co/pZhkUZOUIs,0.0,0.0
600,Sat Apr 25 15:13:26 +0000 2020,RT @SizzyLeaks: What`s map is better?Chapter 2 - LikeChapter 1 - Retweet #Fortnite  #Fortniteleaks https://t.co/gztgmcf5ZT,0.0,0.0
601,Sat Apr 25 15:13:32 +0000 2020,Incredible event @FortniteGame  @trvisXX #Fortnite #game #kids https://t.co/XZF2LlLcHp,0.25,0.65
602,Sat Apr 25 15:13:41 +0000 2020,RT @LNdegryseNL: Incredible event @FortniteGame  @trvisXX #Fortnite #game #kids https://t.co/XZF2LlLcHp,0.25,0.65
603,Sat Apr 25 15:13:42 +0000 2020,@trvisXX #fortnite excited boy #TravisScott  #travisscottfortnite #teamrumble #Astronomical #astrostayhomeconcert https://t.co/Ig4gIEj0Rq,0.375,0.75
604,Sat Apr 25 15:13:42 +0000 2020,RT @Sweazyleaks: What event was better for you? #Fortnite Like= marshmello Retweet = Travis scott https://t.co/k2nriWfHKH,0.5,0.5
605,Sat Apr 25 15:13:43 +0000 2020,RT @dawgfatheruk: Check out dawgfatheruk's video! Sorry its been a while enjoy #TikTok https://t.co/5pTccUswy3#fortnite #supportsmallstrea…,-0.04999999999999999,0.75
606,Sat Apr 25 15:13:43 +0000 2020,RT @88Keys_No_Locks: Fortnite really went crazy with this!!! #TravisScott Fortnite https://t.co/DEHCPlrRVx,-0.4,0.55
607,Sat Apr 25 15:13:43 +0000 2020,@SizzyLeaks   cp 1,0.0,0.0
608,Sat Apr 25 15:13:52 +0000 2020,#Fortnite #StayHome concerts https://t.co/XOko11DX5V,0.0,0.0
609,Sat Apr 25 15:13:53 +0000 2020,#フォートナイト#フォートナイトワンタイムイベント#fortnite#travisscottconcert見やすく編集しましたhttps://t.co/ShyQ6FqrPt,0.0,0.0
610,Sat Apr 25 15:13:54 +0000 2020,"RT @LT_Negotiator: This right here is astronomical, you feel me?#Fortnite #FortniteArt #Astronomical https://t.co/KX6PoOshJ2",0.2857142857142857,0.5357142857142857
611,Sat Apr 25 15:13:57 +0000 2020,El evento de Travis Scott en #Fortnite 😍,0.0,0.0
612,Sat Apr 25 15:13:59 +0000 2020,My 7yr old couldn’t get in #travisscottfortnite for 2 days but he finally got in! I’m pretty sure he’s going to mak… https://t.co/JY56mltzes,0.2125,0.7722222222222223
613,Sat Apr 25 15:14:00 +0000 2020,Pour mon anniversaire j'ai juste @trvisXX en concert sur #Fortnite c'est pas beau ça !!! #havre https://t.co/fnbPiAHRzd,0.0,0.0
614,Sat Apr 25 15:14:02 +0000 2020,Complete respect for @trvisXX and @FortniteGame - This is event is incredible #Astronomical,0.5,0.65
615,Sat Apr 25 15:14:03 +0000 2020,RT @alex20078995: https://t.co/umdNftT6Re HELP MY BOY OUT UP AND COMING COMPETITIVE VALORANT PLAYER BOOBOO KEY HEADASS 👹👹👹#quarantinecruise…,0.0,1.0
616,Sat Apr 25 15:14:05 +0000 2020,RT @heyhaylez: Live for the event ! https://t.co/p9Jybv1iwr #trippy #fortnite #supportsmallstreamers,0.17045454545454544,0.5
617,Sat Apr 25 15:14:07 +0000 2020,RT @MODDSPEEDY: animation is my passion akajkjhwfieuhetek is sick of this shit#art #fortniteart #fortnite #fanart https://t.co/ghq9hIFU1M,-0.7142857142857143,0.8571428571428571
618,Sat Apr 25 15:14:09 +0000 2020,Fortnite ils sont vraiment très très fort imbattable #TravisScott,0.0,0.0
619,Sat Apr 25 15:14:15 +0000 2020,Grosse ambiance !!! #TravisScott #travisscottfortnite #Fortnite https://t.co/LmbupMqYmm,0.0,0.0
620,Sat Apr 25 15:14:18 +0000 2020,RT @heyhaylez: Live for the event ! https://t.co/p9Jybv1iwr #trippy #fortnite #supportsmallstreamers,0.17045454545454544,0.5
621,Sat Apr 25 15:14:25 +0000 2020,#Fortnite #TravisScott #PS4sharehttps://t.co/IpCPylBdpK,0.0,0.0
622,Sat Apr 25 15:14:28 +0000 2020,RT @scrimtowin: UPDATE!  @LogitechG and @Razer were kind enough to donate a gang of gear for us to giveaway throughout #gamersvscovid Com…,0.3,0.7
623,Sat Apr 25 15:14:28 +0000 2020,RT @Egypt_Kaori: 負けたら棺桶逝きのタイマン場【島コード 4101-0084-7706】#FortniteChapter2 #Fortnite #フォートナイト https://t.co/mjekWfSTGm,0.0,0.0
624,Sat Apr 25 15:14:29 +0000 2020,"Despite myself, I’m quite enjoying the latest @trvisXX event on #Fortnite - clever way to replace a live tour and give access to music.",0.3257575757575758,0.7083333333333334
625,Sat Apr 25 15:14:33 +0000 2020,RT @Reborn77627918: 気になった人はdmしてくだしい#Fortnite #フォトナ　#フォートナイト　#絵師　#絵師さん募集　#絵師さんと繋がりたい　#クラメン募集　#絵師さん https://t.co/kxERVmpMyw,0.0,0.0
626,Sat Apr 25 15:14:37 +0000 2020,Back on #Fortnite drawings again because why not :D #FortniteArt https://t.co/fF5lwX23qO,0.5,0.5
627,Sat Apr 25 15:14:39 +0000 2020,RT @Egypt_Kaori: 負けたら棺桶逝きのタイマン場【島コード 4101-0084-7706】#FortniteChapter2 #Fortnite #フォートナイト https://t.co/mjekWfSTGm,0.0,0.0
628,Sat Apr 25 15:14:40 +0000 2020,だれか、この人の参加してあげてください。僕はメルカリでコードがダメなので、皆んなお願いします。あと頑張ってください。,0.0,0.0
629,Sat Apr 25 15:14:42 +0000 2020,TRAVIS SCOTT fortnite event live reaction https://t.co/MvUS0yBMN9 via @YouTube  this was the best event I’ve seen… https://t.co/0fp27sTIvn,0.5681818181818181,0.4
630,Sat Apr 25 15:14:43 +0000 2020,Tirage de ce concours a 20h40 🥴,0.0,0.0
631,Sat Apr 25 15:14:45 +0000 2020,#Fortnite #travisscottconcert https://t.co/KXMFpY6meH,0.0,0.0
632,Sat Apr 25 15:14:47 +0000 2020,Primo concerto su #Fortnite?Fatto! #TravisScott,0.0,0.0
633,Sat Apr 25 15:14:48 +0000 2020,RT @AlmostAliceYT: Back on #Fortnite drawings again because why not :D #FortniteArt https://t.co/fF5lwX23qO,0.5,0.5
634,Sat Apr 25 15:14:49 +0000 2020,idk who travis scott is but this event is veeery cool #Fortnite #Astronomical #travisscottfortnite,0.35,0.65
635,Sat Apr 25 15:14:49 +0000 2020,2回目！！ #Fortnite #XboxShare https://t.co/LkIbnWYFtu,0.0,0.0
636,Sat Apr 25 15:14:52 +0000 2020,Жаль без звука #Fortnite https://t.co/6NGV5CGrzw,0.0,0.0
637,Sat Apr 25 15:14:55 +0000 2020,Now we're underwater #TravisScott #Fortnite https://t.co/IHeHMJI4ad,0.0,0.0
638,Sat Apr 25 15:14:56 +0000 2020,Why these #FortNite concerts be so fucking cool tho 🤔,0.35,0.65
639,Sat Apr 25 15:15:03 +0000 2020,🔴 EN DIRECTO _| Evento de Travis Scott en FORTNITE #Astronomical https://t.co/xh40plYT41,0.0,0.0
640,Sat Apr 25 15:15:04 +0000 2020,"RT @OzurianArt: Crystal, from Fortnite! 😋#Fortnite #FortniteArt #SixFanart #SixFanartChallenge https://t.co/mbQe7mUHRl",0.0,0.0
641,Sat Apr 25 15:15:08 +0000 2020,▶️新しい動画作りました▶️とりあえず世界観に感動しました🌏#フォートナイト#FORTNITE#TravisScott #トラヴィススコット #trip↓https://t.co/jNWvDmJAyw https://t.co/jDNpfBmMUI,0.0,0.0
642,Sat Apr 25 15:15:08 +0000 2020,"💸 #Monopoly #Fortnite (Hasbro E6603105) por 19,10 euros en Amazon 💰 Descuento - 4,89€ automático al tramitar el p… https://t.co/uMNCh39hS8",0.0,0.0
643,Sat Apr 25 15:15:10 +0000 2020,@cedubeton @Supertitim Il etait hier en live sur #fortnite si g bien compris Aurelein,0.13636363636363635,0.5
644,Sat Apr 25 15:15:10 +0000 2020,"La experiencia lisérgica del concierto de #TravisScott en @Fortnite_ES es alucinante, de verdad.",0.0,0.0
645,Sat Apr 25 15:15:15 +0000 2020,RT @Sweazyleaks: @FortniteGame https://t.co/ljKtKQELR7,0.0,0.0
646,Sat Apr 25 15:15:16 +0000 2020,Her: don’t you give a fuck about us!?Me searching for a fuck to give:              @trvisXX @KidCudi #fortnite https://t.co/oBtVo7BuMQ,-0.4,0.6
647,Sat Apr 25 15:15:17 +0000 2020,RT @EskoGiveaways: 🎁 #CONCOURS #FORTNITE 🎁Tente de remporter le skin Honor Guard 🎀&gt; Retweet 🔄&gt; Follow @EskoGiveaways 👥&gt; Mentionne 3 a…,0.0,0.0
648,Sat Apr 25 15:15:18 +0000 2020,RT @giroostar: 📢 Ich bin 🔴 LIVE auf  !  https://t.co/7kIV4CUryx  #supportsmallstreamers #twitch #youtube #live #video #streaming #playing #…,0.15340909090909088,0.5
649,Sat Apr 25 15:15:26 +0000 2020,Effets spéciaux incroyables 🌠Super événement 😁👍👍👍👍👍👍👍👍👍👍👍#Fortnite #gaming #Astronomical https://t.co/o69VyH65IN,0.0,0.0
650,Sat Apr 25 15:15:30 +0000 2020,More TS x #fortnite including new controller thumb gripshttps://t.co/5wdsTU4hTZ,0.3181818181818182,0.4772727272727273
651,Sat Apr 25 15:15:31 +0000 2020,Fortnite Travis Scott Eventhttps://t.co/D8nF3apQAs#Fortnite  #FortniteDeadpool #FortniteSeason2 #FortniteSkin… https://t.co/hailyxS1fE,0.0,0.0
652,Sat Apr 25 15:15:31 +0000 2020,RT @Egypt_Kaori: 負けたら棺桶逝きのタイマン場【島コード 4101-0084-7706】#FortniteChapter2 #Fortnite #フォートナイト https://t.co/mjekWfSTGm,0.0,0.0
653,Sat Apr 25 15:15:35 +0000 2020,#Fortnite #XboxShare https://t.co/YVDCdc1Y8Y,0.0,0.0
654,Sat Apr 25 15:15:43 +0000 2020,RT @MattOrnorme: Effets spéciaux incroyables 🌠Super événement 😁👍👍👍👍👍👍👍👍👍👍👍#Fortnite #gaming #Astronomical https://t.co/o69VyH65IN,0.0,0.0
655,Sat Apr 25 15:15:48 +0000 2020,RT @Egypt_Kaori: 負けたら棺桶逝きのタイマン場【島コード 4101-0084-7706】#FortniteChapter2 #Fortnite #フォートナイト https://t.co/mjekWfSTGm,0.0,0.0
656,Sat Apr 25 15:15:51 +0000 2020,#Fortnite #XboxShare https://t.co/CifvphsxMP,0.0,0.0
657,Sat Apr 25 15:15:57 +0000 2020,"RT @LiamBM_: .                 💚 T  E  K  💚                     .This is my first time drawing him, and he looks kinda weird/bax, but I tr…",0.25,0.3333333333333333
658,Sat Apr 25 15:15:57 +0000 2020,Just lost my virginity at the @FortniteGame travis scott event. she was a default skin but that pussy felt like a 1… https://t.co/XmpewJ88gV,0.0,0.0
659,Sat Apr 25 15:16:06 +0000 2020,RT @Egypt_Kaori: 負けたら棺桶逝きのタイマン場【島コード 4101-0084-7706】#FortniteChapter2 #Fortnite #フォートナイト https://t.co/mjekWfSTGm,0.0,0.0
660,Sat Apr 25 15:16:06 +0000 2020,RT @Fortnitfrance20: Retrouvez la playlist du concert de #TravisScott dans #Fortnite en cliquant sur le lien ci-dessous :https://t.co/J7e…,0.0,0.0
661,Sat Apr 25 15:16:10 +0000 2020,Just came on here to say @trvisXX  x #Fortnite event was amazing 😍,0.6000000000000001,0.9
662,Sat Apr 25 15:16:10 +0000 2020,RT @biscgoiler: https://t.co/7X9Yn6zymRCome for gameplay; Stay for BiscRetweet/Like/Share would be deeply appreciated ❤️#Warzone #twit…,0.2,0.1
663,Sat Apr 25 15:16:13 +0000 2020,RT @GameWith_fn: 開演20分前！,0.0,0.0
664,Sat Apr 25 15:16:16 +0000 2020,RT @vZeroGives: 5600 V-Buck GiveAway 🛎 💕1. Like and retweet 2.Follow @theyungtrae 3. Clink The Link &amp; Subscribe To The Yt &amp; Follow The T…,0.0,0.0
665,Sat Apr 25 15:16:19 +0000 2020,Meilleure évent ! Riens à dire 💪🔥🔥🔥#fortnite,0.0,0.0
666,Sat Apr 25 15:16:20 +0000 2020,My boyfriend literally just woke me up asking what time it was because he was going to Travis Scott’s  concert on Fortnite😂 #Astronomical,0.0,0.0
667,Sat Apr 25 15:16:20 +0000 2020,Travis Scott concert on #Fortnite was worth the wait 🙌🏻 https://t.co/8MS13NcNjk,0.3,0.1
668,Sat Apr 25 15:16:21 +0000 2020,no me perdía nicagando el evento de travis Scott #Fortnite,0.0,0.0
669,Sat Apr 25 15:16:21 +0000 2020,RT @M_Fortnite_FR: La structure des frères Griezmann accélère sur #Fortnite depuis le début d'année 👀https://t.co/rAWF2c3g5q,0.0,0.0
670,Sat Apr 25 15:16:21 +0000 2020,RT @Egypt_Kaori: 負けたら棺桶逝きのタイマン場【島コード 4101-0084-7706】#FortniteChapter2 #Fortnite #フォートナイト https://t.co/mjekWfSTGm,0.0,0.0
671,Sat Apr 25 15:16:22 +0000 2020,RT @Egypt_Kaori: 負けたら棺桶逝きのタイマン場【島コード 4101-0084-7706】#FortniteChapter2 #Fortnite #フォートナイト https://t.co/mjekWfSTGm,0.0,0.0
672,Sat Apr 25 15:16:23 +0000 2020,こういうイベント初めてみたけど、めっちゃすげえ！by ごまサバ#フォートナイト#Fortnite#TravisScott #ASTRONOMICAL#コラボ,0.0,0.0
673,Sat Apr 25 15:16:26 +0000 2020,RT @DexertoES: ¿Qué os ha parecido el concierto de Travis Scott en #Fortnite? https://t.co/4gUnj1Flc3,0.0,0.0
674,Sat Apr 25 15:16:26 +0000 2020,📢 Je suis en 🔴 LIVE sur #Fortnite ! https://t.co/VkyP0ttw66 #wizebot #twitch,0.17045454545454544,0.5
675,Sat Apr 25 15:16:32 +0000 2020,RT @Alex_COS14: #Concours #Fortnitetravisscott #FortniteGagne le pack Travis Scott ! 🎁2 GAGNANTS !!!-#Follow @Alex_COS14- #RT ce twee…,0.0,0.0
676,Sat Apr 25 15:16:32 +0000 2020,#Fortnite #best event https://t.co/h5lh8yzJV0,1.0,0.3
677,Sat Apr 25 15:16:35 +0000 2020,Just watched the Travis Scott concert and holy crap it was fire! 🔥 #Fortnite #Fortniteconcert #TravisScott #FN https://t.co/wgM2ltjBXu,-1.0,0.8
678,Sat Apr 25 15:16:42 +0000 2020,"RT @DrWitnesser: Happy #Sabbath everyone! #Jesus wants you to rest, take a load off and stop working! Enjoy his creation, rest in his law o…",0.5499999999999999,0.5333333333333333
679,Sat Apr 25 15:16:49 +0000 2020,RT @GameWith_fn: 開演20分前！,0.0,0.0
680,Sat Apr 25 15:16:52 +0000 2020,Meilleur éventail fortnite Epic game ne peut pas faire mieux @LeoLejeau trop dare #TravisScott,-0.15000000000000002,0.4
681,Sat Apr 25 15:16:52 +0000 2020,#Fortnite #XboxShare https://t.co/T53mDB41nq,0.0,0.0
682,Sat Apr 25 15:16:54 +0000 2020,Okay that was sick! Technology is amazing! Whoever came up with this idea is wickedly talented! 🌟 💫💫 #Fortnite… https://t.co/qoQ3YzeYBA,0.3080357142857143,0.7892857142857143
683,Sat Apr 25 15:16:55 +0000 2020,RT @SizzyLeaks: What`s map is better?Chapter 2 - LikeChapter 1 - Retweet #Fortnite  #Fortniteleaks https://t.co/gztgmcf5ZT,0.0,0.0
684,Sat Apr 25 15:16:59 +0000 2020,ぎるといっしょに行ってきた！！とにかくすごくて鳥肌やばかった！！ワンタイムサイコー！！#Fortnite #ワンタイムイベント https://t.co/wXPCDDirNg,0.0,0.0
685,Sat Apr 25 15:17:00 +0000 2020,"RT @RedTR_: 1X Psycho Bundle, 1X Honor Guard,  1X Neo Versa, 3K V-Bucks, 5$ and 1 mystery Box🔥 6 Winners -Must be following: me @RedTR_ ,…",0.0,0.1
686,Sat Apr 25 15:17:03 +0000 2020,https://t.co/ErGtPn8BiO Join to not be bored during quarantine #funny #TravisScott #travisscottfortnite #Warzone… https://t.co/sydbR4y1qV,-0.125,1.0
687,Sat Apr 25 15:17:06 +0000 2020,"RT @Icy_Run: 🏆✅✅💥Le concert de Travis Scott a enregistré un record historique plus de 12,3 millions de personnes étaient connectées cette n…",0.0,0.0
688,Sat Apr 25 15:17:14 +0000 2020,Schauen wir das Event jetzt 3 mal 😂 #fortnite https://t.co/rgTzLjaHde,0.0,0.0
689,Sat Apr 25 15:17:16 +0000 2020,やっぱフォートナイトってこういう細かいとこもつくってるの凄いなw #fortnite #フォートナイト https://t.co/BjvNjquePU,0.0,0.0
690,Sat Apr 25 15:17:19 +0000 2020,YO THE CONCERT WAS SICK! #Astronomical,-0.8928571428571429,0.8571428571428571
691,Sat Apr 25 15:17:20 +0000 2020,Well that was fun #Astronomical,0.3,0.2
692,Sat Apr 25 15:17:21 +0000 2020,📢 Je suis en 🔴 LIVE sur #Fortnite ! https://t.co/xKTgbAAUyg  @Retweelgend @RTtwitchFR @Stream_Francais… https://t.co/q3VvYwFIBg,0.17045454545454544,0.5
693,Sat Apr 25 15:17:21 +0000 2020,ノリノリでした。#フォートナイト　#Fortnitehttps://t.co/pGxaB0NuST https://t.co/UEIwrKJQL4,0.0,0.0
694,Sat Apr 25 15:17:23 +0000 2020,RT @Egypt_Kaori: 負けたら棺桶逝きのタイマン場【島コード 4101-0084-7706】#FortniteChapter2 #Fortnite #フォートナイト https://t.co/mjekWfSTGm,0.0,0.0
695,Sat Apr 25 15:17:25 +0000 2020,Check out this Fortnite clip! #Fortnite🔗 https://t.co/T6Q4nryXwW https://t.co/y2HbqF69AM,0.0,0.0
696,Sat Apr 25 15:17:27 +0000 2020,WOW!!! Le dernier événement #fortnite qui m'a envoyer des frissons c'est la fin du chapitre 1! Depuis je me suis la… https://t.co/mf18brQMFH,0.244140625,1.0
697,Sat Apr 25 15:17:30 +0000 2020,RT @Egypt_Kaori: 負けたら棺桶逝きのタイマン場【島コード 4101-0084-7706】#FortniteChapter2 #Fortnite #フォートナイト https://t.co/mjekWfSTGm,0.0,0.0
698,Sat Apr 25 15:17:31 +0000 2020,RT @Egypt_Kaori: 負けたら棺桶逝きのタイマン場【島コード 4101-0084-7706】#FortniteChapter2 #Fortnite #フォートナイト https://t.co/mjekWfSTGm,0.0,0.0
699,Sat Apr 25 15:17:34 +0000 2020,RT @Egypt_Kaori: 負けたら棺桶逝きのタイマン場【島コード 4101-0084-7706】#FortniteChapter2 #Fortnite #フォートナイト https://t.co/mjekWfSTGm,0.0,0.0
700,Sat Apr 25 15:17:34 +0000 2020,フォートナイトフレンド募集してます！#フォートナイト #fortnite  #フォートナイトフレンド募集,0.0,0.0
701,Sat Apr 25 15:17:38 +0000 2020,Just lost my virginity at the @FortniteGame travis scott event. she was a default skin but that pussy felt like a m… https://t.co/4oRG5nfcfa,0.0,0.0
702,Sat Apr 25 15:17:42 +0000 2020,LIVEバカ #フォートナイト #astronomical #fortnite https://t.co/85uNCSposH,0.0,0.0
703,Sat Apr 25 15:17:43 +0000 2020,RT @micchoru3create: お待たせしました！フォートナイト配信します！一緒にワンタイム観よう(*´ω｀*)#FORTNITE　#ワンタイムhttps://t.co/KF3rYRTbK7,0.0,0.0
704,Sat Apr 25 15:17:43 +0000 2020,G A M I N G! Join the PipSquad! https://t.co/ElgTefTfpn #Pipsquad #SmallStreamer #Twitch #PCGaming #TwitchAffiliate… https://t.co/WvqCsAkQpm,0.0,0.0
705,Sat Apr 25 15:17:45 +0000 2020,【警告2】以下タグを利用してるアカウントは同一人物であり詐欺師です.他にも多数アカウントを所有しており印象操作・実績偽装をしています。決して騙されないで下さい#HavocExperience#杏実績#琲世実績#ぷーん実績… https://t.co/mgJYUCAnvl,0.0,0.0
706,Sat Apr 25 15:17:47 +0000 2020,RT @haiguretamao: はじまるぞおおおおお！！！CrazyRaccoonさんのライブ配信を視聴中：「Crazy Raccoon Cup」 https://t.co/0lspSh9X5l #FORTNITE,0.0,0.0
707,Sat Apr 25 15:17:47 +0000 2020,RT @Egypt_Kaori: 負けたら棺桶逝きのタイマン場【島コード 4101-0084-7706】#FortniteChapter2 #Fortnite #フォートナイト https://t.co/mjekWfSTGm,0.0,0.0
708,Sat Apr 25 15:17:48 +0000 2020,RT @GameWith_fn: 開演20分前！,0.0,0.0
709,Sat Apr 25 15:17:49 +0000 2020,RT @oukaayy: Ouka`s highlights#8【LALALA】最初だけ編集こだわって途中からさぼっちゃいましたｗ(編集ミスは許して)いいね❤️＆RT♻️してくれた人の中から5人フォローします！#Fortnite #フォートナイト #Highlights…,0.0,0.0
710,Sat Apr 25 15:17:49 +0000 2020,Did anyone else notice the white Butterfly at the end?? #FortniteChapter2    #Season2 #Fortniteleaks #emote… https://t.co/C8PKIVY8zD,0.0,0.0
711,Sat Apr 25 15:17:51 +0000 2020,Producer grind SOLID @trvisXX #Fortnite #concert https://t.co/fuTxdl21Zg,0.0,0.1
712,Sat Apr 25 15:17:52 +0000 2020,#FORTNITE #ASTRONOMICAL https://t.co/0vGOW5RpXs,0.0,0.0
713,Sat Apr 25 15:17:52 +0000 2020,RT @NinaEtCycy: 📢 Je suis en 🔴 LIVE sur #Fortnite ! https://t.co/xKTgbAAUyg  @Retweelgend @RTtwitchFR @Stream_Francais @PetitsStreams @RT…,0.17045454545454544,0.5
714,Sat Apr 25 15:17:56 +0000 2020,RT @JuicyJustin1731: Saturday-Mood-Giveaway 🌇1 SHOP ITEM OF UR CHOICE 🔥To qualify: 1. • Like &amp; RT 💭2. • Follow @JuicyJustin1731 &amp; @U…,0.0,0.0
715,Sat Apr 25 15:17:57 +0000 2020,RT @Two2urHead: Live at https://t.co/8ge2pi7rBW enjoying some #fortnite travis scott event. #Shivnation #lurkforce #thedailygrind you guys…,0.3181818181818182,0.55
716,Sat Apr 25 15:17:58 +0000 2020,Travis Scott y Kid Cudi hicieron un evento de Fortnite para 12 millones de personas.@fortnite_es @fortnitegame@trv… https://t.co/BwjfRCEgyn,0.0,0.0
717,Sat Apr 25 15:18:01 +0000 2020,RT @Egypt_Kaori: 負けたら棺桶逝きのタイマン場【島コード 4101-0084-7706】#FortniteChapter2 #Fortnite #フォートナイト https://t.co/mjekWfSTGm,0.0,0.0
718,Sat Apr 25 15:18:02 +0000 2020,#fortnite #mixerstreamer#mixer #traviscott #mixercommunity#astroland #mixercommunity#mixerstreamersunite… https://t.co/XYXZ6zZj3z,0.0,0.0
719,Sat Apr 25 15:18:03 +0000 2020,Empezamos unas partidas de risas disfrutad del directo #Streamloots #Nuevoscofres #Fortnite #Risas #Sontandocartas  https://t.co/M3KcQhiTor,0.0,0.0
720,Sat Apr 25 15:18:03 +0000 2020,Fortnite Travis Scott event final WARNING: Start time and Astronomical concert location https://t.co/9pmn2wlll0… https://t.co/pinYeJehj4,0.0,1.0
721,Sat Apr 25 15:18:03 +0000 2020,#Fortnite #XboxShare https://t.co/kXErpJGtVL,0.0,0.0
722,Sat Apr 25 15:18:06 +0000 2020,RT @Candy__Spice: 🪐 Fortnite | Astronomical ☄️ Event by Travis Scott ✨@FortniteGame #Fortnite #FortniteChapter2 #TravisScott #travisscot…,0.0,0.0
723,Sat Apr 25 15:18:08 +0000 2020,RT @AxooFTN: #CONCOURS 🎁Tente de gagner un Honor Guard 🤩#FortnitePour participer il faut : ~ #RT ce tweet ♻️~ Follow :@AxooFTN + @A…,0.0,0.0
724,Sat Apr 25 15:18:08 +0000 2020,"▶️新しい動画作りました▶️「フォートナイト編」""ワンタイムイベント""とりあえず世界観に感動しました🌏#フォートナイト#FORTNITE#TravisScott #トラヴィススコット #trip↓… https://t.co/yX66uOoLjm",0.0,0.0
725,Sat Apr 25 15:18:09 +0000 2020,"Epic Games hat gerade weitere Details zur ""Axe of Champions"" -Pickaxe bekannt gegeben:  Diese Spitzhacke ist exkl… https://t.co/UloxTbaMvf",0.1,0.4
726,Sat Apr 25 15:18:10 +0000 2020,RT @TEAM_RaiN_x: この度クランメンバー【3名】募集します条件・アリーナ4000以上・週5回(できるだけ)プレイできる人・やる気のある人・エピックID変更できる方・楽しくできる方・中学生以上※機種は問いません #フォートナイト  #Fortnit…,0.0,0.0
727,Sat Apr 25 15:18:10 +0000 2020,I’m so shocked right now I was playing fortnite new event and it was the best event ever !!!!!!Pictures in thread @FortniteGame #fortnite,0.18051948051948052,0.5225649350649351
728,Sat Apr 25 15:18:13 +0000 2020,RT @JuicyJustin1731: Saturday-Mood-Giveaway 🌇1 SHOP ITEM OF UR CHOICE 🔥To qualify: 1. • Like &amp; RT 💭2. • Follow @JuicyJustin1731 &amp; @U…,0.0,0.0
729,Sat Apr 25 15:18:15 +0000 2020,RT @rehx_lv73: highlight#4いいねＲＴください#Fortnite #フォートナイト#フォートナイト募集クリップ繋げて音楽ぶち込んだだけです https://t.co/LTIdp5kqsk,0.0,0.0
730,Sat Apr 25 15:18:15 +0000 2020,#TravisScott #travisscottconcert #budgetpc #Fortnite #Twitch https://t.co/bWral3N52r,0.0,0.0
731,Sat Apr 25 15:18:16 +0000 2020,#Fortnite #XboxShare https://t.co/FJYn3vbUhi,0.0,0.0
732,Sat Apr 25 15:18:16 +0000 2020,🌸取扱中のコード🌸【定期4】◆オナーガード　　　　　　3000円◆サイコバンドル　　　　　4000円◆ローグスパイダーナイト　4000円　　　　　　　　　（代行+1000円）#サイコバンドル#オナーガード… https://t.co/HzTPJZqPHH,0.0,0.0
733,Sat Apr 25 15:18:17 +0000 2020,#フォートナイト #ワンタイムイベント  #Fortnite #TravisScott https://t.co/RIW053EUGt,0.0,0.0
734,Sat Apr 25 15:18:17 +0000 2020,This is the biggest flex i've ever seen. #astronomical https://t.co/GLk7Dfifag,0.0,0.0
735,Sat Apr 25 15:18:18 +0000 2020,RT @heebinchanS2: CRカップ見ながら描いた今日アイテムショップに出たルーちゃんです！！大会お疲れ様でした！CR컵 고생하셨읍니다^^7#Fortnite#フォートナイト https://t.co/juJAUOaLHY,0.0,0.0
736,Sat Apr 25 15:18:19 +0000 2020,RT @Sweazyleaks: @FortniteGame https://t.co/ljKtKQELR7,0.0,0.0
737,Sat Apr 25 15:18:19 +0000 2020,RT @Sweazyleaks: @FortniteGame https://t.co/ljKtKQELR7,0.0,0.0
738,Sat Apr 25 15:18:22 +0000 2020,RT @izr1i: I don’t really like #Fortnite but this is LIT🔥 #travisscott #TravisScott https://t.co/Iee1WzznMw,0.2,0.2
739,Sat Apr 25 15:18:22 +0000 2020,@trvisXX @FortniteGame #Astronomical https://t.co/LZXwxJ9sOs,0.0,0.0
740,Sat Apr 25 15:18:23 +0000 2020,premier concert avec @TristanGuyon @clementrman @ValentinRmn  merci #EpicGames #TravisScott,0.0,0.0
741,Sat Apr 25 15:18:23 +0000 2020,RT @Purx124: New profile pic - Bunny Brawler 😍💓She is SO CUTE OMG! 🐰💗😂Like 💝 or RT ♻️ is appreciated! 😳#Fortnite #Fortniteart #Fortnit…,0.3371212121212121,0.5181818181818182
742,Sat Apr 25 15:18:24 +0000 2020,相互フォロー約束します！！[お願い]この垢をフォローこのツイートをRT[お返し]フォロバ#Fortnite#フォートナイト#フォロバ100#フォロバ#固定RT #固定ツイートRT#フォロバ100パーセント #フォローした人全員フォローする,0.0,0.0
743,Sat Apr 25 15:18:25 +0000 2020,The Axe of Champions pickaxe will be exclusive to the current FNCS Champions until the next Champions are crowned!… https://t.co/YlbOhxg22Q,0.0,0.2
744,Sat Apr 25 15:18:27 +0000 2020,RT @Pooch3255: LIVE https://t.co/I5XzXWi9Fn Playing with The Elite PoochPack Come say Hey! #gamedev #indiedev @ShoutGamers @NightRetweets…,0.17045454545454544,0.5
745,Sat Apr 25 15:18:27 +0000 2020,RT @firesportsgg: Ya están listos todos los participantes de la #ShooterChallenge para el torneo de #Fortnite de esta tarde. 🏀🔫 ¡Esto se po…,0.0,0.0
746,Sat Apr 25 15:18:27 +0000 2020,RT @Egypt_Kaori: 負けたら棺桶逝きのタイマン場【島コード 4101-0084-7706】#FortniteChapter2 #Fortnite #フォートナイト https://t.co/mjekWfSTGm,0.0,0.0
747,Sat Apr 25 15:18:28 +0000 2020,RT @056211: 🌸取扱中のコード🌸【定期4】◆オナーガード　　　　　　3000円◆サイコバンドル　　　　　4000円◆ローグスパイダーナイト　4000円　　　　　　　　　（代行+1000円）#サイコバンドル#オナーガード#ローグスパイダーナイト#…,0.0,0.0
748,Sat Apr 25 15:18:29 +0000 2020,#Astronomical https://t.co/PWeIOSfz8X,0.0,0.0
749,Sat Apr 25 15:18:31 +0000 2020,"(PC)Saturday Fortnite!!! Welcome to primetime, Im live!! lets get 200 followers tonight!!!! https://t.co/aC0SvQlZ5Y… https://t.co/fiXA7BHTxj",0.6600929953835227,0.7
750,Sat Apr 25 15:18:33 +0000 2020,RT @Soju77777: 相互フォロー約束します！！[お願い]この垢をフォローこのツイートをRT[お返し]フォロバ#Fortnite#フォートナイト#フォロバ100#フォロバ#固定RT #固定ツイートRT#フォロバ100パーセント #フォローし…,0.0,0.0
751,Sat Apr 25 15:18:34 +0000 2020,RT @mo_jadayo12: よろしく頼むよ！,0.0,0.0
752,Sat Apr 25 15:18:34 +0000 2020,"Conciertazo en el Fornite, PS4.#travisscottfortnite #TravisScott #PS4live #PS4share #Fortnite #Trap #Rap #Drake https://t.co/wGCFLdzWle",0.0,0.0
753,Sat Apr 25 15:18:35 +0000 2020,here are some screeenshots i took off the @trvisXX event on #Fortnitetravisscott #Fortnite https://t.co/O5VPW1Zr5o,0.0,0.0
754,Sat Apr 25 15:18:35 +0000 2020,https://t.co/gnVAtmIDVj zal deze strijder @officieelrobbin 12uurlivestream gaan houden iedereen Like deze post eff… https://t.co/EZG2S5C08A,0.0,0.0
755,Sat Apr 25 15:18:35 +0000 2020,RT @fortniteporncom: Dark Bomber licks Brite Bomber pussy💦 | #Fortnite #R34 #FortniteXXX #BriteBomber #DarkBomberhttps://t.co/uHyrKHrEHy,-0.15,0.4
756,Sat Apr 25 15:18:37 +0000 2020,RT @Egypt_Kaori: 負けたら棺桶逝きのタイマン場【島コード 4101-0084-7706】#FortniteChapter2 #Fortnite #フォートナイト https://t.co/mjekWfSTGm,0.0,0.0
757,Sat Apr 25 15:18:39 +0000 2020,RT @JeremNz: premier concert avec @TristanGuyon @clementrman @ValentinRmn  merci #EpicGames #TravisScott,0.0,0.0
758,Sat Apr 25 15:18:40 +0000 2020,I’m Gaming My Way Through Quarantine — and That’s Nothing to Feel Guilty About READ MORE: https://t.co/R1aI2t0q7R… https://t.co/x0OK5tov4c,0.0,0.75
759,Sat Apr 25 15:18:41 +0000 2020,Check out my replay of #Astronomical with Travis Scott https://t.co/dS799hLQW7,0.0,0.0
760,Sat Apr 25 15:18:41 +0000 2020,"Earn free money, free V-bucks and free amazon vouchers. Click the link --&gt; https://t.co/HLnq1QdKV9#fortnite #earnfreemoney #amazon",0.4000000000000001,0.8000000000000002
761,Sat Apr 25 15:18:41 +0000 2020,Ooooooooof!!!! 7 mins of greatness!! #AstronomicalHomeConcert #Fortnite https://t.co/uy1X4JAgmq,0.0,0.0
762,Sat Apr 25 15:18:42 +0000 2020,Hi💜#gamergirl #egirl #fortnite #TravisScott https://t.co/5Ped8KWD4a,0.0,0.0
763,Sat Apr 25 15:18:43 +0000 2020,Best concert ever for a fourth time #Fortnite https://t.co/ZuwzCG0HNf,0.5,0.15
764,Sat Apr 25 15:18:44 +0000 2020,RT @Soju77777: 相互フォロー約束します！！[お願い]この垢をフォローこのツイートをRT[お返し]フォロバ#Fortnite#フォートナイト#フォロバ100#フォロバ#固定RT #固定ツイートRT#フォロバ100パーセント #フォローし…,0.0,0.0
765,Sat Apr 25 15:18:44 +0000 2020,RT @JeremNz: premier concert avec @TristanGuyon @clementrman @ValentinRmn  merci #EpicGames #TravisScott,0.0,0.0
766,Sat Apr 25 15:18:44 +0000 2020,« Trop nice ». #TravisScott #live #Fortnite https://t.co/Y1OK0QOkYH,0.36818181818181817,0.75
767,Sat Apr 25 15:18:47 +0000 2020,Upgrader med sønnike på 13 år på ungdommens Fortnitekultur med virtuel koncert med ⁦@trvisXX⁩ Sikke et party. LOL… https://t.co/XcAXfftchD,0.0,0.0
768,Sat Apr 25 15:18:49 +0000 2020,Why is this #TravisScott dude making my son scream in excitement 🤦🏻‍♀️What is the big deal about this #TravisScottEvent 🤦🏻‍♀️,0.0,0.1
769,Sat Apr 25 15:18:50 +0000 2020,"RT @RedTR_: 1X Psycho Bundle, 1X Honor Guard,  1X Neo Versa, 3K V-Bucks, 5$ and 1 mystery Box🔥 6 Winners -Must be following: me @RedTR_ ,…",0.0,0.1
770,Sat Apr 25 15:18:50 +0000 2020,RT @Egypt_Kaori: 負けたら棺桶逝きのタイマン場【島コード 4101-0084-7706】#FortniteChapter2 #Fortnite #フォートナイト https://t.co/mjekWfSTGm,0.0,0.0
771,Sat Apr 25 15:18:51 +0000 2020,Hypeee #Fortnite #XboxShare https://t.co/s4r4CjYosN,0.0,0.0
772,Sat Apr 25 15:18:53 +0000 2020,No vabbè ciao #Fortnite #TravisScott https://t.co/4vs9ZfB3hq,0.0,0.0
773,Sat Apr 25 15:18:55 +0000 2020,4/25のツイートモノクロショット↓https://t.co/H7lc089wgGハードキツすぎた↓https://t.co/xD2KyyMCk3ほっこり↓https://t.co/G9zmnHALsxイベント… https://t.co/qA3LPenphf,0.0,0.0
774,Sat Apr 25 15:18:56 +0000 2020,"No matter what you think about the game, @FortniteGame has HANDS DOWN the best in-game events and it’s not even clo… https://t.co/UEW4wWRvQR",0.14814814814814814,0.32962962962962966
775,Sat Apr 25 15:18:57 +0000 2020,RT @SizzyLeaks: What`s map is better?Chapter 2 - LikeChapter 1 - Retweet #Fortnite  #Fortniteleaks https://t.co/gztgmcf5ZT,0.0,0.0
776,Sat Apr 25 15:18:56 +0000 2020,#ワンタイムイベント #TravisScott #fortnite https://t.co/l9ATqbJ1tu,0.0,0.0
777,Sat Apr 25 15:18:57 +0000 2020,"RT @Merl: Woah! This pickaxe will basically be a championship belt, passed on to the next winners.",0.0,0.0
778,Sat Apr 25 15:18:58 +0000 2020,Same 😎 #safesex it’s lit 🔥,0.0,0.125
779,Sat Apr 25 15:18:59 +0000 2020,The Travis Scott event was literally the best event so far holy shit🔥#fortnite,0.55,0.65
780,Sat Apr 25 15:19:03 +0000 2020,RT @S1AN4E: S1AN4E HighlightRT＆LIKE please#S1AN4ETV#フォートナイト #Fortnite https://t.co/95j2E5f5sE,0.0,0.0
781,Sat Apr 25 15:19:05 +0000 2020,RT @Egypt_Kaori: 負けたら棺桶逝きのタイマン場【島コード 4101-0084-7706】#FortniteChapter2 #Fortnite #フォートナイト https://t.co/mjekWfSTGm,0.0,0.0
782,Sat Apr 25 15:19:06 +0000 2020,RT @Haru14_G: プレゼント企画第三弾！！ラストかも！！景品　ショップの1200円分×2人　参加方法【@Haru14_G 】をフォローこのツイートをRT　YouTubeチャンネル登録で2倍引用RTで2倍(しなくてもOK)期限:4:27 17:00…,0.0,0.0
783,Sat Apr 25 15:19:06 +0000 2020,ワイルドホーク好きすぎて、ワイルドホークの兄弟みたいなスキン作っちゃった。今日から固定スキン@WildHawk_ #フォートナイト #Fortnite https://t.co/usOwDwIF5l,0.0,0.0
784,Sat Apr 25 15:19:06 +0000 2020,RT @7YbyYBNPEBvf4eF: #PS4share #fortnite ＃フォートナイト #エンジョイ勢 ＃エンジョイクランうちのクラメン最高におもろいwwwほんまにエンジョイ勢って感じで楽しすぎっ！笑https://t.co/n8VXxEOxXI https…,0.0,0.0
785,Sat Apr 25 15:19:10 +0000 2020,"RT @RedTR_: 1X Psycho Bundle, 1X Honor Guard,  1X Neo Versa, 3K V-Bucks, 5$ and 1 mystery Box🔥 6 Winners -Must be following: me @RedTR_ ,…",0.0,0.1
786,Sat Apr 25 15:19:10 +0000 2020,フォートナイトキル集【チューリングラブ】数日分のクリップです。いいね RTお願いします🥺#フォートナイト #Fortnite #フォートナイトフレンド募集 https://t.co/dOCXoVkcWT,0.0,0.0
787,Sat Apr 25 15:19:11 +0000 2020,RT @JeremNz: premier concert avec @TristanGuyon @clementrman @ValentinRmn  merci #EpicGames #TravisScott,0.0,0.0
788,Sat Apr 25 15:19:11 +0000 2020,RT @Egypt_Kaori: 負けたら棺桶逝きのタイマン場【島コード 4101-0084-7706】#FortniteChapter2 #Fortnite #フォートナイト https://t.co/mjekWfSTGm,0.0,0.0
789,Sat Apr 25 15:19:13 +0000 2020,RT @xFuZiiaH: INCROYABLE Évent de Travis Scott sur #Fortnite ! https://t.co/4LGU9jtk5P,0.0,0.0
790,Sat Apr 25 15:19:13 +0000 2020,RT @Keshi56gomu: #フォートナイト#フォートナイトワンタイムイベント#fortnite#travisscottconcert見やすく編集しましたhttps://t.co/ShyQ6FqrPt,0.0,0.0
791,Sat Apr 25 15:19:14 +0000 2020,ワンタイム3回目～(今日の昼は見れなかった)途中で落ちちゃったから焦ったわww  #fortnite https://t.co/lBO0sjAYKf,0.0,0.0
792,Sat Apr 25 15:19:15 +0000 2020,Searched EVERYWHERE for the last guy(s) &amp; my partner had me convinced it was just another glitch &amp; we actually were… https://t.co/2MS2ilm8m2,0.0,0.08333333333333334
793,Sat Apr 25 15:19:15 +0000 2020,RT @M1KEYW1NCH: here are some screeenshots i took off the @trvisXX event on #Fortnitetravisscott #Fortnite https://t.co/O5VPW1Zr5o,0.0,0.0
794,Sat Apr 25 15:19:18 +0000 2020,"Et pendant ce temps là, 12 Millions de joueurs assistent au concert de Travis Scott’s dans #Fortnite 😯",0.0,0.0
795,Sat Apr 25 15:19:18 +0000 2020,RT @Sweazyleaks: @FortniteGame https://t.co/ljKtKQELR7,0.0,0.0
796,Sat Apr 25 15:19:18 +0000 2020,4回目　#Fortnite #ワンタイムイベント https://t.co/JYyS1VQd3v,0.0,0.0
797,Sat Apr 25 15:19:19 +0000 2020,RT @ohRampz: I'll give 13.5k V-Bucks(applied) to someone that retweets this Tweet within the next 24hMust be following @SiovoSells+@Surfe…,0.0,0.05
798,Sat Apr 25 15:19:19 +0000 2020,ワンタイム最高！！ #ワンタイムイベント #fortnite https://t.co/kr750ceNu2,0.0,0.0
799,Sat Apr 25 15:19:20 +0000 2020,"RT @MalikDjoulait: 12.3M de spectateurs sur #Fortnite (sans compter les autres plateformes, donc) pour le concert donné par Travis Scott !…",0.0,0.0
800,Sat Apr 25 15:19:20 +0000 2020,"RT @HypeeDZN: ""Sicko Mode""-Rendered in Eevee-After seeing so many incredible travis scott piece, i thought id go and make one myself. L…",0.7,0.7
801,Sat Apr 25 15:19:22 +0000 2020,RT @FortniteEsp_: Dentro de la cabeza de esta skin está el mapa del capítulo 1🤔🤔 #Fortnite https://t.co/JDV54Uuxsh,0.0,0.0
802,Sat Apr 25 15:19:23 +0000 2020,RT @StyleWip: Ceux qui n’ont pas vu l’événement de Travis Scott vous manquez quelque chose dans votre vie là #Fortnite,0.0,0.0
803,Sat Apr 25 15:19:24 +0000 2020,Just seen an amazing pop concert in #Fortnite - #cyberpunk indeed!,0.7500000000000001,0.9
804,Sat Apr 25 15:19:24 +0000 2020,"This fight was long af like something else, Mouse and Keyboard kids 😪 #Fortnite #Quarentine #Epic #DailyDuos… https://t.co/O3JeJ8oiMY",0.025,0.4
805,Sat Apr 25 15:19:25 +0000 2020,The @trvisXX concert in #Fortnite was 🔥🔥🔥,0.0,0.0
806,Sat Apr 25 15:19:25 +0000 2020,#TravisScott #fortnite #Dead sooooooo shit.  #PS4share https://t.co/BWeB9pdvYI,-0.2,0.6000000000000001
807,Sat Apr 25 15:19:30 +0000 2020,RT @Caamzo: [ Takara Takes Over ]#Fortnite #FortniteArt #FortniteChapter2 #blender #render https://t.co/wlvV4mgGEz,-0.75,1.0
808,Sat Apr 25 15:19:30 +0000 2020,RT @Egypt_Kaori: 負けたら棺桶逝きのタイマン場【島コード 4101-0084-7706】#FortniteChapter2 #Fortnite #フォートナイト https://t.co/mjekWfSTGm,0.0,0.0
809,Sat Apr 25 15:19:30 +0000 2020,RT @Reborn77627918: 気になった人はdmしてくだしい#Fortnite #フォトナ　#フォートナイト　#絵師　#絵師さん募集　#絵師さんと繋がりたい　#クラメン募集　#絵師さん https://t.co/kxERVmpMyw,0.0,0.0
810,Sat Apr 25 15:19:33 +0000 2020,You could call me cracked #makefortnitebetter #Fortnite #contentcreator #cc #contentcreator #streamer #twitch #100t… https://t.co/TByGmNP3aw,0.0,0.0
811,Sat Apr 25 15:19:33 +0000 2020,#travisscottfortnite #lit #amazingfortniteconcert #TravisScott #Fortnite The travis scott concert never get old an… https://t.co/1I9RIq0qtu,0.1,0.2
812,Sat Apr 25 15:19:34 +0000 2020,"RT @RedTR_: 1X Psycho Bundle, 1X Honor Guard,  1X Neo Versa, 3K V-Bucks, 5$ and 1 mystery Box🔥 6 Winners -Must be following: me @RedTR_ ,…",0.0,0.1
813,Sat Apr 25 15:19:38 +0000 2020,"RT @HypeeDZN: ""Sicko Mode""-Rendered in Eevee-After seeing so many incredible travis scott piece, i thought id go and make one myself. L…",0.7,0.7
814,Sat Apr 25 15:19:38 +0000 2020,トラヴィスでけぇ #Fortnite https://t.co/PEsDewPe9S,0.0,0.0
815,Sat Apr 25 15:19:40 +0000 2020,RT @Egypt_Kaori: 負けたら棺桶逝きのタイマン場【島コード 4101-0084-7706】#FortniteChapter2 #Fortnite #フォートナイト https://t.co/mjekWfSTGm,0.0,0.0
816,Sat Apr 25 15:19:43 +0000 2020,#NintendoSwitch #fortnite https://t.co/eInWecInHP,0.0,0.0
817,Sat Apr 25 15:19:45 +0000 2020,#Fortnite #XboxShare https://t.co/QROiD1irP2,0.0,0.0
818,Sat Apr 25 15:19:48 +0000 2020,LaFlame getting new fans @trvisXX #Fortnite #TravisScott #GamingNews #gaming #HipHopMusic @noonkster2 https://t.co/k68RVSDdwt,0.13636363636363635,0.45454545454545453
819,Sat Apr 25 15:19:50 +0000 2020,RT @Sweazyleaks: What event was better for you? #Fortnite Like= marshmello Retweet = Travis scott https://t.co/k2nriWfHKH,0.5,0.5
820,Sat Apr 25 15:19:50 +0000 2020,RT @Egypt_Kaori: 負けたら棺桶逝きのタイマン場【島コード 4101-0084-7706】#FortniteChapter2 #Fortnite #フォートナイト https://t.co/mjekWfSTGm,0.0,0.0
821,Sat Apr 25 15:19:53 +0000 2020,"RT @The_Lewdrex: ""It looks like nobody's around, guess I could let loose for a bit 😜""#fortnite #fotniteporn #fortniterule34 #rule34 #r34…",-0.07692307692307693,0.2692307692307692
822,Sat Apr 25 15:19:53 +0000 2020,RT @DramaCorn62: Happy Saturday! WE LIVE!👀🥳FORTNITE CUSTOM GAMES STARTING NOW! Going to watch the event first and then we’re jumping strai…,0.4166666666666667,0.4777777777777778
823,Sat Apr 25 15:19:55 +0000 2020,Upside down #FortniteChapter2    #Season2 #Fortniteleaks #emote #weeklychallenges #fortnite #fortnitememes… https://t.co/5hAImo36Ln,-0.15555555555555559,0.2888888888888889
824,Sat Apr 25 15:19:55 +0000 2020,RT @BetterBrainsB: This is how #HorrorFamily rocks! #fortnite #NintendoSwitch https://t.co/YhEkbHXlX4,0.0,0.0
825,Sat Apr 25 15:19:55 +0000 2020,LIVE! via @mixcloud AM MIX  with @trvisXX https://t.co/ACeTrEkxF3#tunein #mixcloud #travisscott #astroworld #k#ka,0.17045454545454544,0.5
826,Sat Apr 25 15:19:57 +0000 2020,すごくすごかった#Fortnite #フォートナイト #ワンタイムイベント https://t.co/DBg4NXnMit,0.0,0.0